Workbook
Name BoxPlot: "BoxPlot"
Name Bubble: "Bubble"
Name Candlestick: "Candlestick"
Name Chart: "Chart"
Name ChartImage: "ChartImage"
Name ColumnRange: "ColumnRange"
Name Dumbbell: "Dumbbell"
Name Heatmap: "Heatmap"
Name Histogram: "Histogram"
Name Map: "Map"
Name OHLC: "OHLC"
Name PieChart: "PieChart"
Name Scatter: "Scatter"
Name Series: "Series"
Name Stripe: "Stripe"
Name Table: "Table"
Name TreeMap: "TreeMap"
Name Waterfall: "Waterfall"

Sheet Instructions
B3: Instructions to update the file
B6: Link to Vahan portal - Tabular Summary:
B7: https://vahan.parivahan.gov.in/vahan4dashboard/vahan/view/reportview.xhtml
B9: Extract Maker-wise monthly data for required categories. Use panel on the left to filter for below-mentioned classification.
B11: Vahan classification used:
B12: Type | C12: Broad categorization | D12: Vehicle Classification used
B13: PVs | C13: Vehicle Class | D13: MOTOR CAB + MOTOR CAR
B14: 2Ws | C14: Vehicle Category | D14: TWO WHEELER (Invalid Carriage), TWO WHEELER(NT), TWO WHEELER(T)
B15: 3Ws | C15: Vehicle Class | D15: THREE WHEELER (GOODS) + THREE WHEELER (PASSENGER)
B16: Tractors | C16: Vehicle Class | D16: AGRICULTURAL TRACTOR + TRACTOR (COMMERCIAL)
B17: EV PVs | C17: Fuels | D17: ELECTRIC(BOV) + PURE EV + PVs as above
B18: EV 2Ws | C18: Fuels | D18: ELECTRIC(BOV) + PURE EV + 2Ws as above
B19: EV 3Ws | C19: Fuels | D19: ELECTRIC(BOV) + PURE EV + 3Ws as above
B20: PV CNG | C20: Fuels | D20: CNG ONLY + PETROL/CNG + PETROL(E20)/CNG + PVs as above
B21: PV Strong Hybrid | C21: Fuels | D21: PLUG-IN HYBRID EV + STRONG HYBRID EV + PVs as above
B22: LCVs | C22: Vehicle Category | D22: LIGHT GOODS VEHICLE
B23: MHCVs | C23: Vehicle Category | D23: HEAVY GOODS VEHICLE + HEAVY PASSENGER VEHICLE + MEDIUM GOODS VEHICLE + MEDIUM PASSENGER VEHICLE
B24: CVs | C24: Vehicle Category | D24: LCVs + MHCVs as above
B26: Download the data in excel after running each of the above criterion. Numbers need to converted using 'Numbervalue' function.
B28: Data after every pull has to be updated in the respective category tabs. 'Summary' tab is completely formula-driven.
B29: It just needs to be dragged forward every month.
B31: Remember to update 'Gross-up factor' (highlighted in yellow on every tab) as applicable to gross-up ongoing month's volumes.
B33: OEMs combined:
B34: Category | C34: OEM | D34: OEMs combined per Vahan
B35: PV + Electric PV | C35: Tata Motors | D35: TATA MOTORS LTD
D36: TATA MOTORS PASSENGER VEHICLES LTD
D37: TATA PASSENGER ELECTRIC MOBILITY LTD
C38: Kia | D38: KIA MOTORS INDIA PVT LTD
D39: KIA INDIA PRIVATE LIMITED
C40: MG Motor | D40: MG MOTOR INDIA PVT LTD
D41: MG MOTOR INDIA Electric PVT LTD
B42: 2W + Electric 2W | C42: Bajaj Auto | D42: BAJAJ AUTO LTD
D43: CHETAK TECHNOLOGY LIMITED
B44: Electric 2W | C44: Hero Electric | D44: HERO ELECTRIC VEHICLE PVT LTD
D45: HERO ELECTRIC VEHICLES PVT. LTD
B46: 3W | C46: Atul Auto | D46: ATUL AUTO LTD
D47: ATUL GREENTECH PRIVATE LIMITED
C48: Mahindra | D48: MAHINDRA LAST MILE MOBILITY LTD
D49: MAHINDRA & MAHINDRA LIMITED
D50: MAHINDRA REVA ELECTRIC VEHICLES PVT LTD
B51: Electric 3W | C51: Atul Auto | D51: ATUL AUTO LTD
D52: ATUL GREENTECH PRIVATE LIMITED
C53: Mahindra | D53: MAHINDRA LAST MILE MOBILITY LTD
D54: MAHINDRA & MAHINDRA LIMITED
D55: MAHINDRA REVA ELECTRIC VEHICLES PVT LTD
B56: Tractors | C56: Case New Holland | D56: CASE NEW HOLLAND CONSTRUCTION EQUIPMENT(I) PVT LTD
D57: CNH INDUSTRIAL (INDIA) PVT LTD
D58: NEW HOLLAND CONSTRUCTION EQUIPMENT(I) PVT.LTD.
D59: NEW HOLLAND FIAT INDIA PVT. LTD.
C60: Escorts | D60: ESCORTS CONSTRUCTION EQUIPMENT LTD
D61: ESCORTS LIMITED (AGRI MACHINERY GROUP)
D62: ESCORTS R&D CENTRE
C63: John Deere | D63: JOHN DEERE INDIA PVT LTD(CROP SOLUTION DIV)
D64: JOHN DEERE INDIA PVT LTD(TRACTOR DEVISION)
C65: Mahindra | D65: MAHINDRA DEFENCE SYSTEMS LTD
D66: MAHINDRA GUJARAT TRACTOR LIMITED
D67: MAHINDRA & MAHINDRA LIMITED
D68: MAHINDRA & MAHINDRA LIMITED (SWARAJ DIVISION)
D69: MAHINDRA & MAHINDRA LIMITED (TRACTOR)
D70: MAHINDRA & MAHINDRA LTD FARM MACHINERY DIVISION
D71: SWARAJ AUTOMOTIVES LTD
C72: Sonalika | D72: INTERNATIONAL TRACTORS LIMITED
D73: SONALIKA INDUSTRIES
D74: SONALIKA INTERNATIONAL TRACTORS LIMITED
C75: TAFE/Eicher | D75: EICHER MOTORS LTD
D76: EICHER TRACTORS
D77: TAFE LIMITED

Sheet Summary
B1: 1 | C1: 2 | D1: 3 | E1: =B1 -> 1 | F1: =C1 -> 2 | G1: =D1 -> 3 | H1: =E1 -> 1 | I1: =F1 -> 2 | J1: =G1 -> 3 | K1: =H1 -> 1 | L1: =I1 -> 2 | ... CI1: =CF1 -> 2
B2: ="FY"&RIGHT(B3,2) -> FY19 | C2: ="FY"&RIGHT(C3,2) -> FY19 | D2: ="FY"&RIGHT(D3,2) -> FY19 | E2: ="FY"&RIGHT(E3,2) -> FY20 | F2: ="FY"&RIGHT(F3,2) -> FY20 | G2: ="FY"&RIGHT(G3,2) -> FY20 | H2: ="FY"&RIGHT(H3,2) -> FY20 | I2: ="FY"&RIGHT(I3,2) -> FY20 | ... CI2: ="FY"&RIGHT(CI3,2) -> FY26
B3: =IF(MONTH(B4)<4,CONCATENATE("4Q",MID(YEAR(B4),3,2)),IF(MONTH(B4)<7,CONCATENATE("1Q",MID(YEAR(B4)+1,3,2)),IF(MONTH(B4)<10,CONCATENATE("2Q",MID(YEAR(B4)+1,3,2)),IF(MONTH(B4)<13,CONCATENATE("3Q",MID(YEAR(B4)+1,3,2)),"")))) -> 4Q19 | C3: =IF(MONTH(C4)<4,CONCATENATE("4Q",MID(YEAR(C4),3,2)),IF(MONTH(C4)<7,CONCATENATE("1Q",MID(YEAR(C4)+1,3,2)),IF(MONTH(C4)<10,CONCATENATE("2Q",MID(YEAR(C4)+1,3,2)),IF(MONTH(C4)<13,CONCATENATE("3Q",MID(YEAR(C4)+1,3,2)),"")))) -> 4Q19 | D3: =IF(MONTH(D4)<4,CONCATENATE("4Q",MID(YEAR(D4),3,2)),IF(MONTH(D4)<7,CONCATENATE("1Q",MID(YEAR(D4)+1,3,2)),IF(MONTH(D4)<10,CONCATENATE("2Q",MID(YEAR(D4)+1,3,2)),IF(MONTH(D4)<13,CONCATENATE("3Q",MID(YEAR(D4)+1,3,2)),"")))) -> 4Q19 | E3: =IF(MONTH(E4)<4,CONCATENATE("4Q",MID(YEAR(E4),3,2)),IF(MONTH(E4)<7,CONCATENATE("1Q",MID(YEAR(E4)+1,3,2)),IF(MONTH(E4)<10,CONCATENATE("2Q",MID(YEAR(E4)+1,3,2)),IF(MONTH(E4)<13,CONCATENATE("3Q",MID(YEAR(E4)+1,3,2)),"")))) -> 1Q20 | F3: =IF(MONTH(F4)<4,CONCATENATE("4Q",MID(YEAR(F4),3,2)),IF(MONTH(F4)<7,CONCATENATE("1Q",MID(YEAR(F4)+1,3,2)),IF(MONTH(F4)<10,CONCATENATE("2Q",MID(YEAR(F4)+1,3,2)),IF(MONTH(F4)<13,CONCATENATE("3Q",MID(YEAR(F4)+1,3,2)),"")))) -> 1Q20 | G3: =IF(MONTH(G4)<4,CONCATENATE("4Q",MID(YEAR(G4),3,2)),IF(MONTH(G4)<7,CONCATENATE("1Q",MID(YEAR(G4)+1,3,2)),IF(MONTH(G4)<10,CONCATENATE("2Q",MID(YEAR(G4)+1,3,2)),IF(MONTH(G4)<13,CONCATENATE("3Q",MID(YEAR(G4)+1,3,2)),"")))) -> 1Q20 | H3: =IF(MONTH(H4)<4,CONCATENATE("4Q",MID(YEAR(H4),3,2)),IF(MONTH(H4)<7,CONCATENATE("1Q",MID(YEAR(H4)+1,3,2)),IF(MONTH(H4)<10,CONCATENATE("2Q",MID(YEAR(H4)+1,3,2)),IF(MONTH(H4)<13,CONCATENATE("3Q",MID(YEAR(H4)+1,3,2)),"")))) -> 2Q20 | I3: =IF(MONTH(I4)<4,CONCATENATE("4Q",MID(YEAR(I4),3,2)),IF(MONTH(I4)<7,CONCATENATE("1Q",MID(YEAR(I4)+1,3,2)),IF(MONTH(I4)<10,CONCATENATE("2Q",MID(YEAR(I4)+1,3,2)),IF(MONTH(I4)<13,CONCATENATE("3Q",MID(YEAR(I4)+1,3,2)),"")))) -> 2Q20 | ... CI3: =IF(MONTH(CI4)<4,CONCATENATE("4Q",MID(YEAR(CI4),3,2)),IF(MONTH(CI4)<7,CONCATENATE("1Q",MID(YEAR(CI4)+1,3,2)),IF(MONTH(CI4)<10,CONCATENATE("2Q",MID(YEAR(CI4)+1,3,2)),IF(MONTH(CI4)<13,CONCATENATE("3Q",MID(YEAR(CI4)+1,3,2)),"")))) -> 4Q26 | CL3: QTD | CP3: Like-for-like # months | EC3: QTD | EK3: YTD
A4: Monthly retails | B4: 43466 | C4: =EOMONTH(B4,0)+1 -> 43497 | D4: =EOMONTH(C4,0)+1 -> 43525 | E4: =EOMONTH(D4,0)+1 -> 43556 | F4: =EOMONTH(E4,0)+1 -> 43586 | G4: =EOMONTH(F4,0)+1 -> 43617 | H4: =EOMONTH(G4,0)+1 -> 43647 | I4: =EOMONTH(H4,0)+1 -> 43678 | J4: =EOMONTH(I4,0)+1 -> 43709 | ... CI4: =EOMONTH(CH4,0)+1 -> 46054 | CL4: =_xlfn.XLOOKUP(MAX($C$4:$CK$4),$C$4:$CK$4,$C$3:$CK$3) -> 4Q26 | CM4: {=INDEX($A$3:$CK$3,MATCH($CL$4,$B$3:$CK$3,0)-1)} -> 3Q26 | CN4: =LEFT($CL$4,2)&RIGHT($CL$4,2)-1 -> 4Q25 | CP4: QoQ Change | CQ4: YoY Change | CS4: =CS88 -> Feb-26 vs Feb-25 | CT4: =CT88 -> Feb-26 vs Mar-25 | DB4: 4Q19 | DC4: 1Q20 | DD4: 2Q20 | DE4: 3Q20 | DF4: 4Q20 | DG4: 1Q21 | DH4: 2Q21 | DI4: 3Q21 | DJ4: 4Q21 | DK4: 1Q22 | DL4: 2Q22 | DM4: 3Q22 | DN4: 4Q22 | DO4: 1Q23 | DP4: 2Q23 | DQ4: 3Q23 | DR4: 4Q23 | DS4: 1Q24 | DT4: 2Q24 | DU4: 3Q24 | DV4: 4Q24 | DW4: 1Q25 | DX4: 2Q25 | DY4: 3Q25 | DZ4: 4Q25 | EA4: 1Q26 | EB4: 2Q26 | EC4: 3Q26 | EE4: FY20 | EF4: FY21 | EG4: FY22 | EH4: FY23 | EI4: FY24 | EJ4: FY25 | EK4: FY26
A5: PVs | B5: =B86 -> 318278 | C5: =C86 -> 240146 | D5: =D86 -> 255707 | E5: =E86 -> 246578 | F5: =F86 -> 248684 | G5: =G86 -> 215963 | H5: =H86 -> 222505 | I5: =I86 -> 200559 | ... CI5: =CI86 -> 372215 | CL5: =SUMIFS($C5:$CK5,$C$3:$CK$3,CL$4,$C$1:$CK$1,"<="&_xlfn.XLOOKUP(MAX($C$4:$CK$4),$C$4:$CK$4,$C$1:$CK$1)) -> 886951 | CM5: =SUMIF($A$3:$CK$3,CM$4,$A5:$CK5) -> 1350559 | CN5: =SUMIF($A$3:$CK$3,CN$4,$A5:$CK5) -> 1131997 | CP5: =CL5/SUMIFS($C5:$CK5,$C$3:$CK$3,CM$4,$C$1:$CK$1,"<="&_xlfn.XLOOKUP(MAX($C$4:$CK$4),$C$4:$CK$4,$C$1:$CK$1))-1 -> -0.086632588 | CQ5: =CL5/SUMIFS($C5:$CK5,$C$3:$CK$3,CN$4,$C$1:$CK$1,"<="&_xlfn.XLOOKUP(MAX($C$4:$CK$4),$C$4:$CK$4,$C$1:$CK$1))-1 -> 0.13715895 | DB5: =SUMIF($B$3:$CK$3,DB$4,$B5:$CK5) -> 814131 | DC5: =SUMIF($B$3:$CK$3,DC$4,$B5:$CK5) -> 711225 | DD5: =SUMIF($B$3:$CK$3,DD$4,$B5:$CK5) -> 608280 | DE5: =SUMIF($B$3:$CK$3,DE$4,$B5:$CK5) -> 815772 | DF5: =SUMIF($B$3:$CK$3,DF$4,$B5:$CK5) -> 779858 | DG5: =SUMIF($B$3:$CK$3,DG$4,$B5:$CK5) -> 192171 | DH5: =SUMIF($B$3:$CK$3,DH$4,$B5:$CK5) -> 584207 | DI5: =SUMIF($B$3:$CK$3,DI$4,$B5:$CK5) -> 892442 | ... EC5: =SUMIF($B$3:$CK$3,EC$4,$B5:$CK5) -> 1350559 | EE5: =SUMIF($B$2:$CK$2,EE$4,$B5:$CK5) -> 2915135 | EF5: =SUMIF($B$2:$CK$2,EF$4,$B5:$CK5) -> 2559431 | EG5: =SUMIF($B$2:$CK$2,EG$4,$B5:$CK5) -> 2916189 | EH5: =SUMIF($B$2:$CK$2,EH$4,$B5:$CK5) -> 3594885 | EI5: =SUMIF($B$2:$CK$2,EI$4,$B5:$CK5) -> 3894399 | EJ5: =SUMIF($B$2:$CK$2,EJ$4,$B5:$CK5) -> 4095175 | EK5: =SUMIF($B$2:$CK$2,EK$4,$B5:$CK5) -> 4173548
A6: 2Ws | B6: =B154 -> 1572524 | C6: =C154 -> 1434124 | D6: =D154 -> 1592390 | E6: =E154 -> 1526391 | F6: =F154 -> 1625763 | G6: =G154 -> 1515671 | H6: =H154 -> 1589191 | I6: =I154 -> 1404782 | ... CI6: =CI154 -> 1707438 | CL6: =SUMIFS($C6:$CK6,$C$3:$CK$3,CL$4,$C$1:$CK$1,"<="&_xlfn.XLOOKUP(MAX($C$4:$CK$4),$C$4:$CK$4,$C$1:$CK$1)) -> 3567747 | CM6: =SUMIF($A$3:$CK$3,CM$4,$A6:$CK6) -> 7053801 | CN6: =SUMIF($A$3:$CK$3,CN$4,$A6:$CK6) -> 4419997 | CP6: =CL6/SUMIFS($C6:$CK6,$C$3:$CK$3,CM$4,$C$1:$CK$1,"<="&_xlfn.XLOOKUP(MAX($C$4:$CK$4),$C$4:$CK$4,$C$1:$CK$1))-1 -> -0.37709835 | CQ6: =CL6/SUMIFS($C6:$CK6,$C$3:$CK$3,CN$4,$C$1:$CK$1,"<="&_xlfn.XLOOKUP(MAX($C$4:$CK$4),$C$4:$CK$4,$C$1:$CK$1))-1 -> 0.23119076 | DB6: =SUMIF($B$3:$CK$3,DB$4,$B6:$CK6) -> 4599038 | DC6: =SUMIF($B$3:$CK$3,DC$4,$B6:$CK6) -> 4667825 | DD6: =SUMIF($B$3:$CK$3,DD$4,$B6:$CK6) -> 4275406 | DE6: =SUMIF($B$3:$CK$3,DE$4,$B6:$CK6) -> 5090493 | DF6: =SUMIF($B$3:$CK$3,DF$4,$B6:$CK6) -> 5003019 | DG6: =SUMIF($B$3:$CK$3,DG$4,$B6:$CK6) -> 1518113 | DH6: =SUMIF($B$3:$CK$3,DH$4,$B6:$CK6) -> 3261317 | DI6: =SUMIF($B$3:$CK$3,DI$4,$B6:$CK6) -> 4511578 | ... EC6: =SUMIF($B$3:$CK$3,EC$4,$B6:$CK6) -> 7053801 | EE6: =SUMIF($B$2:$CK$2,EE$4,$B6:$CK6) -> 19036743 | EF6: =SUMIF($B$2:$CK$2,EF$4,$B6:$CK6) -> 13246632 | EG6: =SUMIF($B$2:$CK$2,EG$4,$B6:$CK6) -> 13507221 | EH6: =SUMIF($B$2:$CK$2,EH$4,$B6:$CK6) -> 16033430 | EI6: =SUMIF($B$2:$CK$2,EI$4,$B6:$CK6) -> 17550185 | EJ6: =SUMIF($B$2:$CK$2,EJ$4,$B6:$CK6) -> 18898166 | EK6: =SUMIF($B$2:$CK$2,EK$4,$B6:$CK6) -> 19475797
A7: 3Ws | B7: =B200 -> 53419 | C7: =C200 -> 52447 | D7: =D200 -> 54677 | E7: =E200 -> 46289 | F7: =F200 -> 48953 | G7: =G200 -> 46344 | H7: =H200 -> 55539 | I7: =I200 -> 50312 | ... CI7: =CI200 -> 71616.13 | CL7: =SUMIFS($C7:$CK7,$C$3:$CK$3,CL$4,$C$1:$CK$1,"<="&_xlfn.XLOOKUP(MAX($C$4:$CK$4),$C$4:$CK$4,$C$1:$CK$1)) -> 146538.13 | CM7: =SUMIF($A$3:$CK$3,CM$4,$A7:$CK7) -> 224623 | CN7: =SUMIF($A$3:$CK$3,CN$4,$A7:$CK7) -> 173716 | CP7: =CL7/SUMIFS($C7:$CK7,$C$3:$CK$3,CM$4,$C$1:$CK$1,"<="&_xlfn.XLOOKUP(MAX($C$4:$CK$4),$C$4:$CK$4,$C$1:$CK$1))-1 -> -0.095572046 | CQ7: =CL7/SUMIFS($C7:$CK7,$C$3:$CK$3,CN$4,$C$1:$CK$1,"<="&_xlfn.XLOOKUP(MAX($C$4:$CK$4),$C$4:$CK$4,$C$1:$CK$1))-1 -> 0.24468603 | DB7: =SUMIF($B$3:$CK$3,DB$4,$B7:$CK7) -> 160543 | DC7: =SUMIF($B$3:$CK$3,DC$4,$B7:$CK7) -> 141586 | DD7: =SUMIF($B$3:$CK$3,DD$4,$B7:$CK7) -> 156486 | DE7: =SUMIF($B$3:$CK$3,DE$4,$B7:$CK7) -> 172531 | DF7: =SUMIF($B$3:$CK$3,DF$4,$B7:$CK7) -> 191703 | DG7: =SUMIF($B$3:$CK$3,DG$4,$B7:$CK7) -> 22258 | DH7: =SUMIF($B$3:$CK$3,DH$4,$B7:$CK7) -> 41048 | DI7: =SUMIF($B$3:$CK$3,DI$4,$B7:$CK7) -> 56801 | ... EC7: =SUMIF($B$3:$CK$3,EC$4,$B7:$CK7) -> 224623 | EE7: =SUMIF($B$2:$CK$2,EE$4,$B7:$CK7) -> 662306 | EF7: =SUMIF($B$2:$CK$2,EF$4,$B7:$CK7) -> 194378 | EG7: =SUMIF($B$2:$CK$2,EG$4,$B7:$CK7) -> 242129 | EH7: =SUMIF($B$2:$CK$2,EH$4,$B7:$CK7) -> 405041 | EI7: =SUMIF($B$2:$CK$2,EI$4,$B7:$CK7) -> 634520 | EJ7: =SUMIF($B$2:$CK$2,EJ$4,$B7:$CK7) -> 680350 | EK7: =SUMIF($B$2:$CK$2,EK$4,$B7:$CK7) -> 720967.13
A8: Tractors | B8: =B241 -> 64961 | C8: =C241 -> 56447 | D8: =D241 -> 59993 | E8: =E241 -> 44104 | F8: =F241 -> 46784 | G8: =G241 -> 50291 | H8: =H241 -> 67126 | I8: =I241 -> 62039 | ... CI8: =CI241 -> 86957.13 | CL8: =SUMIFS($C8:$CK8,$C$3:$CK$3,CL$4,$C$1:$CK$1,"<="&_xlfn.XLOOKUP(MAX($C$4:$CK$4),$C$4:$CK$4,$C$1:$CK$1)) -> 199771.13 | CM8: =SUMIF($A$3:$CK$3,CM$4,$A8:$CK8) -> 309683 | CN8: =SUMIF($A$3:$CK$3,CN$4,$A8:$CK8) -> 227729 | CP8: =CL8/SUMIFS($C8:$CK8,$C$3:$CK$3,CM$4,$C$1:$CK$1,"<="&_xlfn.XLOOKUP(MAX($C$4:$CK$4),$C$4:$CK$4,$C$1:$CK$1))-1 -> 0.017288928 | CQ8: =CL8/SUMIFS($C8:$CK8,$C$3:$CK$3,CN$4,$C$1:$CK$1,"<="&_xlfn.XLOOKUP(MAX($C$4:$CK$4),$C$4:$CK$4,$C$1:$CK$1))-1 -> 0.28189071 | DB8: =SUMIF($B$3:$CK$3,DB$4,$B8:$CK8) -> 181401 | DC8: =SUMIF($B$3:$CK$3,DC$4,$B8:$CK8) -> 141179 | DD8: =SUMIF($B$3:$CK$3,DD$4,$B8:$CK8) -> 173211 | DE8: =SUMIF($B$3:$CK$3,DE$4,$B8:$CK8) -> 159043 | DF8: =SUMIF($B$3:$CK$3,DF$4,$B8:$CK8) -> 186192 | DG8: =SUMIF($B$3:$CK$3,DG$4,$B8:$CK8) -> 75845 | DH8: =SUMIF($B$3:$CK$3,DH$4,$B8:$CK8) -> 256081 | DI8: =SUMIF($B$3:$CK$3,DI$4,$B8:$CK8) -> 214202 | ... EC8: =SUMIF($B$3:$CK$3,EC$4,$B8:$CK8) -> 309683 | EE8: =SUMIF($B$2:$CK$2,EE$4,$B8:$CK8) -> 659625 | EF8: =SUMIF($B$2:$CK$2,EF$4,$B8:$CK8) -> 773706 | EG8: =SUMIF($B$2:$CK$2,EG$4,$B8:$CK8) -> 755048 | EH8: =SUMIF($B$2:$CK$2,EH$4,$B8:$CK8) -> 818768 | EI8: =SUMIF($B$2:$CK$2,EI$4,$B8:$CK8) -> 881505 | EJ8: =SUMIF($B$2:$CK$2,EJ$4,$B8:$CK8) -> 869989 | EK8: =SUMIF($B$2:$CK$2,EK$4,$B8:$CK8) -> 950918.13
A9: EV PVs | B9: =B104 -> 74 | C9: =C104 -> 226 | D9: =D104 -> 239 | E9: =E104 -> 115 | F9: =F104 -> 61 | G9: =G104 -> 57 | H9: =H104 -> 109 | I9: =I104 -> 96 | ... CI9: =CI104 -> 13026.043 | CL9: =SUMIFS($C9:$CK9,$C$3:$CK$3,CL$4,$C$1:$CK$1,"<="&_xlfn.XLOOKUP(MAX($C$4:$CK$4),$C$4:$CK$4,$C$1:$CK$1)) -> 32009.043 | CM9: =SUMIF($A$3:$CK$3,CM$4,$A9:$CK9) -> 50461 | CN9: =SUMIF($A$3:$CK$3,CN$4,$A9:$CK9) -> 34530 | CP9: =CL9/SUMIFS($C9:$CK9,$C$3:$CK$3,CM$4,$C$1:$CK$1,"<="&_xlfn.XLOOKUP(MAX($C$4:$CK$4),$C$4:$CK$4,$C$1:$CK$1))-1 -> -0.08117681 | CQ9: =CL9/SUMIFS($C9:$CK9,$C$3:$CK$3,CN$4,$C$1:$CK$1,"<="&_xlfn.XLOOKUP(MAX($C$4:$CK$4),$C$4:$CK$4,$C$1:$CK$1))-1 -> 0.50256037 | DB9: =SUMIF($B$3:$CK$3,DB$4,$B9:$CK9) -> 539 | DC9: =SUMIF($B$3:$CK$3,DC$4,$B9:$CK9) -> 233 | DD9: =SUMIF($B$3:$CK$3,DD$4,$B9:$CK9) -> 367 | DE9: =SUMIF($B$3:$CK$3,DE$4,$B9:$CK9) -> 509 | DF9: =SUMIF($B$3:$CK$3,DF$4,$B9:$CK9) -> 1193 | DG9: =SUMIF($B$3:$CK$3,DG$4,$B9:$CK9) -> 381 | DH9: =SUMIF($B$3:$CK$3,DH$4,$B9:$CK9) -> 1063 | DI9: =SUMIF($B$3:$CK$3,DI$4,$B9:$CK9) -> 1549 | ... EC9: =SUMIF($B$3:$CK$3,EC$4,$B9:$CK9) -> 50461 | EE9: =SUMIF($B$2:$CK$2,EE$4,$B9:$CK9) -> 2302 | EF9: =SUMIF($B$2:$CK$2,EF$4,$B9:$CK9) -> 5133 | EG9: =SUMIF($B$2:$CK$2,EG$4,$B9:$CK9) -> 18553 | EH9: =SUMIF($B$2:$CK$2,EH$4,$B9:$CK9) -> 47301 | EI9: =SUMIF($B$2:$CK$2,EI$4,$B9:$CK9) -> 90910 | EJ9: =SUMIF($B$2:$CK$2,EJ$4,$B9:$CK9) -> 107589 | EK9: =SUMIF($B$2:$CK$2,EK$4,$B9:$CK9) -> 174531.04
A10: EV 2Ws | B10: =B178 -> 2745 | C10: =C178 -> 3123 | D10: =D178 -> 5868 | E10: =E178 -> 3076 | F10: =F178 -> 1668 | G10: =G178 -> 1757 | H10: =H178 -> 1569 | I10: =I178 -> 1506 | ... CI10: =CI178 -> 108773.96 | CL10: =SUMIFS($C10:$CK10,$C$3:$CK$3,CL$4,$C$1:$CK$1,"<="&_xlfn.XLOOKUP(MAX($C$4:$CK$4),$C$4:$CK$4,$C$1:$CK$1)) -> 232056.96 | CM10: =SUMIF($A$3:$CK$3,CM$4,$A10:$CK10) -> 360803 | CN10: =SUMIF($A$3:$CK$3,CN$4,$A10:$CK10) -> 306565 | CP10: =CL10/SUMIFS($C10:$CK10,$C$3:$CK$3,CM$4,$C$1:$CK$1,"<="&_xlfn.XLOOKUP(MAX($C$4:$CK$4),$C$4:$CK$4,$C$1:$CK$1))-1 -> -0.11713048 | CQ10: =CL10/SUMIFS($C10:$CK10,$C$3:$CK$3,CN$4,$C$1:$CK$1,"<="&_xlfn.XLOOKUP(MAX($C$4:$CK$4),$C$4:$CK$4,$C$1:$CK$1))-1 -> 0.3250176 | DB10: =SUMIF($B$3:$CK$3,DB$4,$B10:$CK10) -> 11736 | DC10: =SUMIF($B$3:$CK$3,DC$4,$B10:$CK10) -> 6501 | DD10: =SUMIF($B$3:$CK$3,DD$4,$B10:$CK10) -> 4633 | DE10: =SUMIF($B$3:$CK$3,DE$4,$B10:$CK10) -> 7519 | DF10: =SUMIF($B$3:$CK$3,DF$4,$B10:$CK10) -> 8177 | DG10: =SUMIF($B$3:$CK$3,DG$4,$B10:$CK10) -> 2154 | DH10: =SUMIF($B$3:$CK$3,DH$4,$B10:$CK10) -> 6692 | DI10: =SUMIF($B$3:$CK$3,DI$4,$B10:$CK10) -> 12088 | ... EC10: =SUMIF($B$3:$CK$3,EC$4,$B10:$CK10) -> 360803 | EE10: =SUMIF($B$2:$CK$2,EE$4,$B10:$CK10) -> 26830 | EF10: =SUMIF($B$2:$CK$2,EF$4,$B10:$CK10) -> 44799 | EG10: =SUMIF($B$2:$CK$2,EG$4,$B10:$CK10) -> 252554 | EH10: =SUMIF($B$2:$CK$2,EH$4,$B10:$CK10) -> 727817 | EI10: =SUMIF($B$2:$CK$2,EI$4,$B10:$CK10) -> 948371 | EJ10: =SUMIF($B$2:$CK$2,EJ$4,$B10:$CK10) -> 1149956 | EK10: =SUMIF($B$2:$CK$2,EK$4,$B10:$CK10) -> 1206213
A11: EV 3Ws | B11: =B219 -> 79 | C11: =C219 -> 67 | D11: =D219 -> 121 | E11: =E219 -> 44 | F11: =F219 -> 66 | G11: =G219 -> 111 | H11: =H219 -> 63 | I11: =I219 -> 121 | ... CI11: =CI219 -> 22013.522 | CL11: =SUMIFS($C11:$CK11,$C$3:$CK$3,CL$4,$C$1:$CK$1,"<="&_xlfn.XLOOKUP(MAX($C$4:$CK$4),$C$4:$CK$4,$C$1:$CK$1)) -> 45642.522 | CM11: =SUMIF($A$3:$CK$3,CM$4,$A11:$CK11) -> 76162 | CN11: =SUMIF($A$3:$CK$3,CN$4,$A11:$CK11) -> 45906 | CP11: =CL11/SUMIFS($C11:$CK11,$C$3:$CK$3,CM$4,$C$1:$CK$1,"<="&_xlfn.XLOOKUP(MAX($C$4:$CK$4),$C$4:$CK$4,$C$1:$CK$1))-1 -> -0.13830007 | CQ11: =CL11/SUMIFS($C11:$CK11,$C$3:$CK$3,CN$4,$C$1:$CK$1,"<="&_xlfn.XLOOKUP(MAX($C$4:$CK$4),$C$4:$CK$4,$C$1:$CK$1))-1 -> 0.5371993 | DB11: =SUMIF($B$3:$CK$3,DB$4,$B11:$CK11) -> 267 | DC11: =SUMIF($B$3:$CK$3,DC$4,$B11:$CK11) -> 221 | DD11: =SUMIF($B$3:$CK$3,DD$4,$B11:$CK11) -> 360 | DE11: =SUMIF($B$3:$CK$3,DE$4,$B11:$CK11) -> 470 | DF11: =SUMIF($B$3:$CK$3,DF$4,$B11:$CK11) -> 741 | DG11: =SUMIF($B$3:$CK$3,DG$4,$B11:$CK11) -> 144 | DH11: =SUMIF($B$3:$CK$3,DH$4,$B11:$CK11) -> 431 | DI11: =SUMIF($B$3:$CK$3,DI$4,$B11:$CK11) -> 621 | ... EC11: =SUMIF($B$3:$CK$3,EC$4,$B11:$CK11) -> 76162 | EE11: =SUMIF($B$2:$CK$2,EE$4,$B11:$CK11) -> 1792 | EF11: =SUMIF($B$2:$CK$2,EF$4,$B11:$CK11) -> 2429 | EG11: =SUMIF($B$2:$CK$2,EG$4,$B11:$CK11) -> 11278 | EH11: =SUMIF($B$2:$CK$2,EH$4,$B11:$CK11) -> 30849 | EI11: =SUMIF($B$2:$CK$2,EI$4,$B11:$CK11) -> 101412 | EJ11: =SUMIF($B$2:$CK$2,EJ$4,$B11:$CK11) -> 159246 | EK11: =SUMIF($B$2:$CK$2,EK$4,$B11:$CK11) -> 236479.52
A12: CNG PVs | B12: =B120 -> 24100 | C12: =C120 -> 19106 | D12: =D120 -> 17600 | E12: =E120 -> 19880 | F12: =F120 -> 20529 | G12: =G120 -> 16817 | H12: =H120 -> 18187 | I12: =I120 -> 16635 | ... CI12: =CI120 -> 87677.087 | CL12: =SUMIFS($C12:$CK12,$C$3:$CK$3,CL$4,$C$1:$CK$1,"<="&_xlfn.XLOOKUP(MAX($C$4:$CK$4),$C$4:$CK$4,$C$1:$CK$1)) -> 205544.09 | CM12: =SUMIF($A$3:$CK$3,CM$4,$A12:$CK12) -> 295367 | CN12: =SUMIF($A$3:$CK$3,CN$4,$A12:$CK12) -> 239719 | CP12: =CL12/SUMIFS($C12:$CK12,$C$3:$CK$3,CM$4,$C$1:$CK$1,"<="&_xlfn.XLOOKUP(MAX($C$4:$CK$4),$C$4:$CK$4,$C$1:$CK$1))-1 -> -0.045335283 | CQ12: =CL12/SUMIFS($C12:$CK12,$C$3:$CK$3,CN$4,$C$1:$CK$1,"<="&_xlfn.XLOOKUP(MAX($C$4:$CK$4),$C$4:$CK$4,$C$1:$CK$1))-1 -> 0.23315847 | DB12: =SUMIF($B$3:$CK$3,DB$4,$B12:$CK12) -> 60806 | DC12: =SUMIF($B$3:$CK$3,DC$4,$B12:$CK12) -> 57226 | DD12: =SUMIF($B$3:$CK$3,DD$4,$B12:$CK12) -> 48358 | DE12: =SUMIF($B$3:$CK$3,DE$4,$B12:$CK12) -> 63116 | DF12: =SUMIF($B$3:$CK$3,DF$4,$B12:$CK12) -> 58106 | DG12: =SUMIF($B$3:$CK$3,DG$4,$B12:$CK12) -> 10808 | DH12: =SUMIF($B$3:$CK$3,DH$4,$B12:$CK12) -> 43557 | DI12: =SUMIF($B$3:$CK$3,DI$4,$B12:$CK12) -> 67046 | ... EC12: =SUMIF($B$3:$CK$3,EC$4,$B12:$CK12) -> 295367 | EE12: =SUMIF($B$2:$CK$2,EE$4,$B12:$CK12) -> 226806 | EF12: =SUMIF($B$2:$CK$2,EF$4,$B12:$CK12) -> 199984 | EG12: =SUMIF($B$2:$CK$2,EG$4,$B12:$CK12) -> 268803 | EH12: =SUMIF($B$2:$CK$2,EH$4,$B12:$CK12) -> 408993 | EI12: =SUMIF($B$2:$CK$2,EI$4,$B12:$CK12) -> 593125 | EJ12: =SUMIF($B$2:$CK$2,EJ$4,$B12:$CK12) -> 786686 | EK12: =SUMIF($B$2:$CK$2,EK$4,$B12:$CK12) -> 904751.09
A13: Strong Hybrid PVs | B13: =B136 -> 0 | C13: =C136 -> 0 | D13: =D136 -> 0 | E13: =E136 -> 0 | F13: =F136 -> 0 | G13: =G136 -> 0 | H13: =H136 -> 0 | I13: =I136 -> 0 | ... CI13: =CI136 -> 8262.4783 | CL13: =SUMIFS($C13:$CK13,$C$3:$CK$3,CL$4,$C$1:$CK$1,"<="&_xlfn.XLOOKUP(MAX($C$4:$CK$4),$C$4:$CK$4,$C$1:$CK$1)) -> 19541.478 | CM13: =SUMIF($A$3:$CK$3,CM$4,$A13:$CK13) -> 28337 | CN13: =SUMIF($A$3:$CK$3,CN$4,$A13:$CK13) -> 25750 | CP13: =CL13/SUMIFS($C13:$CK13,$C$3:$CK$3,CM$4,$C$1:$CK$1,"<="&_xlfn.XLOOKUP(MAX($C$4:$CK$4),$C$4:$CK$4,$C$1:$CK$1))-1 -> -0.025022289 | CQ13: =IFERROR(CL13/SUMIFS($C13:$CK13,$C$3:$CK$3,CN$4,$C$1:$CK$1,"<="&_xlfn.XLOOKUP(MAX($C$4:$CK$4),$C$4:$CK$4,$C$1:$CK$1))-1,"NA") -> 0.16415336 | DB13: =SUMIF($B$3:$CK$3,DB$4,$B13:$CK13) -> 0 | DC13: =SUMIF($B$3:$CK$3,DC$4,$B13:$CK13) -> 0 | DD13: =SUMIF($B$3:$CK$3,DD$4,$B13:$CK13) -> 0 | DE13: =SUMIF($B$3:$CK$3,DE$4,$B13:$CK13) -> 0 | DF13: =SUMIF($B$3:$CK$3,DF$4,$B13:$CK13) -> 0 | DG13: =SUMIF($B$3:$CK$3,DG$4,$B13:$CK13) -> 0 | DH13: =SUMIF($B$3:$CK$3,DH$4,$B13:$CK13) -> 0 | DI13: =SUMIF($B$3:$CK$3,DI$4,$B13:$CK13) -> 0 | ... EC13: =SUMIF($B$3:$CK$3,EC$4,$B13:$CK13) -> 28337 | EE13: =SUMIF($B$2:$CK$2,EE$4,$B13:$CK13) -> 0 | EF13: =SUMIF($B$2:$CK$2,EF$4,$B13:$CK13) -> 0 | EG13: =SUMIF($B$2:$CK$2,EG$4,$B13:$CK13) -> 0 | EH13: =SUMIF($B$2:$CK$2,EH$4,$B13:$CK13) -> 0 | EI13: =SUMIF($B$2:$CK$2,EI$4,$B13:$CK13) -> 1638 | EJ13: =SUMIF($B$2:$CK$2,EJ$4,$B13:$CK13) -> 80528 | EK13: =SUMIF($B$2:$CK$2,EK$4,$B13:$CK13) -> 99950.478
A14: CVs | B14: =CV!C28 -> 95632 | C14: =CV!D28 -> 91966 | D14: =CV!E28 -> 97277 | E14: =CV!F28 -> 86799 | F14: =CV!G28 -> 83074 | G14: =CV!H28 -> 71738 | H14: =CV!I28 -> 78553 | I14: =CV!J28 -> 70272 | ... BR14: =CV!BS28 -> 72082 | BS14: =CV!BU28 -> 80972 | BT14: =CV!BU28 -> 80972 | BU14: =CV!BV28 -> 70649 | BV14: =CV!BW28 -> 96005 | BW14: =CV!BX28 -> 79473 | BX14: =CV!BY28 -> 89333 | BY14: =CV!BZ28 -> 84364 | BZ14: =CV!CA28 -> 76643 | CA14: =CV!CB28 -> 74712 | ... CI14: =CV!CJ28 -> 101845.48 | CL14: =SUMIFS($C14:$CK14,$C$3:$CK$3,CL$4,$C$1:$CK$1,"<="&_xlfn.XLOOKUP(MAX($C$4:$CK$4),$C$4:$CK$4,$C$1:$CK$1)) -> 213287.48 | CM14: =SUMIF($A$3:$CK$3,CM$4,$A14:$CK14) -> 297914 | CN14: =SUMIF($A$3:$CK$3,CN$4,$A14:$CK14) -> 264811 | CP14: =CL14/SUMIFS($C14:$CK14,$C$3:$CK$3,CM$4,$C$1:$CK$1,"<="&_xlfn.XLOOKUP(MAX($C$4:$CK$4),$C$4:$CK$4,$C$1:$CK$1))-1 -> 0.01543223 | CQ14: =CL14/SUMIFS($C14:$CK14,$C$3:$CK$3,CN$4,$C$1:$CK$1,"<="&_xlfn.XLOOKUP(MAX($C$4:$CK$4),$C$4:$CK$4,$C$1:$CK$1))-1 -> 0.21546563 | DB14: =SUMIF($B$3:$CK$3,DB$4,$B14:$CK14) -> 284875 | DC14: =SUMIF($B$3:$CK$3,DC$4,$B14:$CK14) -> 241611 | DD14: =SUMIF($B$3:$CK$3,DD$4,$B14:$CK14) -> 216843 | DE14: =SUMIF($B$3:$CK$3,DE$4,$B14:$CK14) -> 232728 | DF14: =SUMIF($B$3:$CK$3,DF$4,$B14:$CK14) -> 313558 | DG14: =SUMIF($B$3:$CK$3,DG$4,$B14:$CK14) -> 44856 | DH14: =SUMIF($B$3:$CK$3,DH$4,$B14:$CK14) -> 121120 | DI14: =SUMIF($B$3:$CK$3,DI$4,$B14:$CK14) -> 181523 | ... EC14: =SUMIF($B$3:$CK$3,EC$4,$B14:$CK14) -> 297914 | EE14: =SUMIF($B$2:$CK$2,EE$4,$B14:$CK14) -> 1004740 | EF14: =SUMIF($B$2:$CK$2,EF$4,$B14:$CK14) -> 568655 | EG14: =SUMIF($B$2:$CK$2,EG$4,$B14:$CK14) -> 729115 | EH14: =SUMIF($B$2:$CK$2,EH$4,$B14:$CK14) -> 963233 | EI14: =SUMIF($B$2:$CK$2,EI$4,$B14:$CK14) -> 987985 | EJ14: =SUMIF($B$2:$CK$2,EJ$4,$B14:$CK14) -> 953056 | EK14: =SUMIF($B$2:$CK$2,EK$4,$B14:$CK14) -> 975572.48
A15: LCVs | B15: =CV!C14 -> 59172 | C15: =CV!D14 -> 56146 | D15: =CV!E14 -> 58150 | E15: =CV!F14 -> 51259 | F15: =CV!G14 -> 50819 | G15: =CV!H14 -> 45214 | H15: =CV!I14 -> 51213 | I15: =CV!J14 -> 46214 | ... BR15: =CV!BS14 -> 43578 | BS15: =CV!BU14 -> 51519 | BT15: =CV!BU14 -> 51519 | BU15: =CV!BV14 -> 43793 | BV15: =CV!BW14 -> 59510 | BW15: =CV!BX14 -> 47605 | BX15: =CV!BY14 -> 53274 | BY15: =CV!BZ14 -> 45534 | BZ15: =CV!CA14 -> 44987 | CA15: =CV!CB14 -> 45398 | ... CI15: =CV!CJ14 -> 58383.304 | CL15: =SUMIFS($C15:$CK15,$C$3:$CK$3,CL$4,$C$1:$CK$1,"<="&_xlfn.XLOOKUP(MAX($C$4:$CK$4),$C$4:$CK$4,$C$1:$CK$1)) -> 127816.3 | CM15: =SUMIF($A$3:$CK$3,CM$4,$A15:$CK15) -> 192039 | CN15: =SUMIF($A$3:$CK$3,CN$4,$A15:$CK15) -> 160389 | CP15: =CL15/SUMIFS($C15:$CK15,$C$3:$CK$3,CM$4,$C$1:$CK$1,"<="&_xlfn.XLOOKUP(MAX($C$4:$CK$4),$C$4:$CK$4,$C$1:$CK$1))-1 -> -0.078243374 | CQ15: =CL15/SUMIFS($C15:$CK15,$C$3:$CK$3,CN$4,$C$1:$CK$1,"<="&_xlfn.XLOOKUP(MAX($C$4:$CK$4),$C$4:$CK$4,$C$1:$CK$1))-1 -> 0.19326242 | DB15: =SUMIF($B$3:$CK$3,DB$4,$B15:$CK15) -> 173468 | DC15: =SUMIF($B$3:$CK$3,DC$4,$B15:$CK15) -> 147292 | DD15: =SUMIF($B$3:$CK$3,DD$4,$B15:$CK15) -> 143290 | DE15: =SUMIF($B$3:$CK$3,DE$4,$B15:$CK15) -> 165137 | DF15: =SUMIF($B$3:$CK$3,DF$4,$B15:$CK15) -> 210535 | DG15: =SUMIF($B$3:$CK$3,DG$4,$B15:$CK15) -> 36511 | DH15: =SUMIF($B$3:$CK$3,DH$4,$B15:$CK15) -> 107735 | DI15: =SUMIF($B$3:$CK$3,DI$4,$B15:$CK15) -> 143944 | ... EC15: =SUMIF($B$3:$CK$3,EC$4,$B15:$CK15) -> 192039 | EE15: =SUMIF($B$2:$CK$2,EE$4,$B15:$CK15) -> 666254 | EF15: =SUMIF($B$2:$CK$2,EF$4,$B15:$CK15) -> 442269 | EG15: =SUMIF($B$2:$CK$2,EG$4,$B15:$CK15) -> 492621 | EH15: =SUMIF($B$2:$CK$2,EH$4,$B15:$CK15) -> 611607 | EI15: =SUMIF($B$2:$CK$2,EI$4,$B15:$CK15) -> 598965 | EJ15: =SUMIF($B$2:$CK$2,EJ$4,$B15:$CK15) -> 577205 | EK15: =SUMIF($B$2:$CK$2,EK$4,$B15:$CK15) -> 595364.3
A17: y/y | CI17: Last 4 week growth
A18: =A5 -> PVs | N18: =N5/B5-1 -> -0.026407732 | O18: =O5/C5-1 -> 0.0087571727 | P18: =P5/D5-1 -> -0.10938692 | Q18: =Q5/E5-1 -> -0.90205533 | R18: =R5/F5-1 -> -0.86922359 | S18: =S5/G5-1 -> -0.37258697 | T18: =T5/H5-1 -> -0.22740163 | U18: =U5/I5-1 -> -0.018174203 | ... CH18: =CH5/BV5-1 -> 0.087652719 | CI18: ='PV Weekly trends'!EP1 -> 0.29774427 | CL18: =CL5/SUMIFS($C5:$CK5,$C$3:$CK$3,CN$4,$C$1:$CK$1,"<="&_xlfn.XLOOKUP(MAX($C$4:$CK$4),$C$4:$CK$4,$C$1:$CK$1))-1 -> 0.13715895 | DF18: =DF5/DB5-1 -> -0.042097648 | DG18: =DG5/DC5-1 -> -0.72980281 | DH18: =DH5/DD5-1 -> -0.039575524 | DI18: =DI5/DE5-1 -> 0.093984594 | DJ18: =DJ5/DF5-1 -> 0.14201688 | DK18: =DK5/DG5-1 -> 1.6907494 | DL18: =DL5/DH5-1 -> 0.38437403 | DM18: =DM5/DI5-1 -> -0.14117556 | ... EC18: =EC5/DY5-1 -> 0.21644804 | EF18: =EF5/EE5-1 -> -0.12201973 | EG18: =EG5/EF5-1 -> 0.13938958 | EH18: =EH5/EG5-1 -> 0.23273389 | EI18: =EI5/EH5-1 -> 0.083316712 | EJ18: =EJ5/EI5-1 -> 0.051555067 | EK18: =EK5/EJ5-1 -> 0.019137888
A19: =A6 -> 2Ws | N19: =N6/B6-1 -> -0.07413305 | O19: =O6/C6-1 -> 0.027429288 | P19: =P6/D6-1 -> 0.30219984 | Q19: =Q6/E6-1 -> -0.72813781 | R19: =R6/F6-1 -> -0.88179335 | S19: =S6/G6-1 -> -0.39896653 | T19: =T6/H6-1 -> -0.36142226 | U19: =U6/I6-1 -> -0.2421543 | ... CH19: =CH6/BV6-1 -> 0.21182585 | CI19: ='2W Weekly trends'!EP1 -> 0.30247111 | CL19: =CL6/SUMIFS($C6:$CK6,$C$3:$CK$3,CN$4,$C$1:$CK$1,"<="&_xlfn.XLOOKUP(MAX($C$4:$CK$4),$C$4:$CK$4,$C$1:$CK$1))-1 -> 0.23119076 | DF19: =DF6/DB6-1 -> 0.087840327 | DG19: =DG6/DC6-1 -> -0.6747708 | DH19: =DH6/DD6-1 -> -0.23719127 | DI19: =DI6/DE6-1 -> -0.11372474 | DJ19: =DJ6/DF6-1 -> -0.20935259 | DK19: =DK6/DG6-1 -> 0.64161561 | DL19: =DL6/DH6-1 -> 0.051125972 | DM19: =DM6/DI6-1 -> -0.10458602 | ... EC19: =EC6/DY6-1 -> 0.19569527 | EF19: =EF6/EE6-1 -> -0.3041545 | EG19: =EG6/EF6-1 -> 0.019672095 | EH19: =EH6/EG6-1 -> 0.18702655 | EI19: =EI6/EH6-1 -> 0.094599534 | EJ19: =EJ6/EI6-1 -> 0.076807225 | EK19: =EK6/EJ6-1 -> 0.030565455
A20: =A9 -> EV PVs | N20: =N9/B9-1 -> 2.8918919 | O20: =O9/C9-1 -> 1.1725664 | P20: =P9/D9-1 -> 0.73221757 | Q20: =Q9/E9-1 -> -0.97391304 | R20: =R9/F9-1 -> 0.36065574 | S20: =S9/G9-1 -> 4.1754386 | T20: =T9/H9-1 -> 2.2752294 | U20: =U9/I9-1 -> 2.8541667 | ... CH20: =CH9/BV9-1 -> 0.59628322 | CI20: ='Electric PV Weekly trends'!EP1 -> 0.61516854 | CL20: =CL9/SUMIFS($C9:$CK9,$C$3:$CK$3,CN$4,$C$1:$CK$1,"<="&_xlfn.XLOOKUP(MAX($C$4:$CK$4),$C$4:$CK$4,$C$1:$CK$1))-1 -> 0.50256037 | DF20: =DF9/DB9-1 -> 1.2133581 | DG20: =DG9/DC9-1 -> 0.63519313 | DH20: =DH9/DD9-1 -> 1.8964578 | DI20: =DI9/DE9-1 -> 2.043222 | DJ20: =DJ9/DF9-1 -> 0.79379715 | DK20: =DK9/DG9-1 -> 3.4540682 | DL20: =DL9/DH9-1 -> 2.3264346 | DM20: =DM9/DI9-1 -> 2.6197547 | ... EC20: =EC9/DY9-1 -> 0.72764311 | EF20: =EF9/EE9-1 -> 1.2298002 | EG20: =EG9/EF9-1 -> 2.6144555 | EH20: =EH9/EG9-1 -> 1.5495068 | EI20: =EI9/EH9-1 -> 0.92194668 | EJ20: =EJ9/EI9-1 -> 0.18346717 | EK20: =EK9/EJ9-1 -> 0.62220156
A21: =A10 -> EV 2Ws | N21: =N10/B10-1 -> 0.07140255 | O21: =O10/C10-1 -> -0.2465578 | P21: =P10/D10-1 -> -0.50869121 | Q21: =Q10/E10-1 -> -0.97236671 | R21: =R10/F10-1 -> -0.66546763 | S21: =S10/G10-1 -> -0.14001138 | T21: =T10/H10-1 -> -0.051625239 | U21: =U10/I10-1 -> 0.40438247 | ... CH21: =CH10/BV10-1 -> 0.25258324 | CI21: ='Electric 2W Weekly trends'!EP1 -> 0.38737683 | CL21: =CL10/SUMIFS($C10:$CK10,$C$3:$CK$3,CN$4,$C$1:$CK$1,"<="&_xlfn.XLOOKUP(MAX($C$4:$CK$4),$C$4:$CK$4,$C$1:$CK$1))-1 -> 0.3250176 | DF21: =DF10/DB10-1 -> -0.30325494 | DG21: =DG10/DC10-1 -> -0.66866636 | DH21: =DH10/DD10-1 -> 0.44442046 | DI21: =DI10/DE10-1 -> 0.60766059 | DJ21: =DJ10/DF10-1 -> 1.918552 | DK21: =DK10/DG10-1 -> 4.3871866 | DL21: =DL10/DH10-1 -> 6.2851166 | DM21: =DM10/DI10-1 -> 4.9539212 | ... EC21: =EC10/DY10-1 -> 0.082673172 | EF21: =EF10/EE10-1 -> 0.66973537 | EG21: =EG10/EF10-1 -> 4.6374919 | EH21: =EH10/EG10-1 -> 1.8818273 | EI21: =EI10/EH10-1 -> 0.30303497 | EJ21: =EJ10/EI10-1 -> 0.21255922 | EK21: =EK10/EJ10-1 -> 0.048920964
A22: =A11 -> EV 3Ws | N22: =N11/B11-1 -> 2.3417722 | O22: =O11/C11-1 -> 2.5820896 | P22: =P11/D11-1 -> 0.95867769 | Q22: =Q11/E11-1 -> -0.52272727 | R22: =R11/F11-1 -> -0.31818182 | S22: =S11/G11-1 -> -0.2972973 | T22: =T11/H11-1 -> 0.79365079 | U22: =U11/I11-1 -> 0.44628099 | ... CI22: =CI11/BW11-1 -> 0.53447105 | CL22: =CL11/SUMIFS($C11:$CK11,$C$3:$CK$3,CN$4,$C$1:$CK$1,"<="&_xlfn.XLOOKUP(MAX($C$4:$CK$4),$C$4:$CK$4,$C$1:$CK$1))-1 -> 0.5371993 | DF22: =DF11/DB11-1 -> 1.7752809 | DG22: =DG11/DC11-1 -> -0.34841629 | DH22: =DH11/DD11-1 -> 0.19722222 | DI22: =DI11/DE11-1 -> 0.3212766 | DJ22: =DJ11/DF11-1 -> 0.66396761 | DK22: =DK11/DG11-1 -> 4.6597222 | DL22: =DL11/DH11-1 -> 5.2993039 | DM22: =DM11/DI11-1 -> 4.4750403 | ... EC22: =EC11/DY11-1 -> 0.59886638 | EF22: =EF11/EE11-1 -> 0.35546875 | EG22: =EG11/EF11-1 -> 3.643063 | EH22: =EH11/EG11-1 -> 1.7353254 | EI22: =EI11/EH11-1 -> 2.2873675 | EJ22: =EJ11/EI11-1 -> 0.57028754 | EK22: =EK11/EJ11-1 -> 0.48499505
A23: =A12 -> CNG PVs | N23: =N12/B12-1 -> 0.093858921 | O23: =O12/C12-1 -> -0.08081231 | P23: =P12/D12-1 -> -0.19420455 | Q23: =Q12/E12-1 -> -0.95352113 | R23: =R12/F12-1 -> -0.9293195 | S23: =S12/G12-1 -> -0.49854314 | T23: =T12/H12-1 -> -0.31758949 | U23: =U12/I12-1 -> -0.056086564 | ... CI23: =CI12/BW12-1 -> 0.41127848 | CL23: =CL12/SUMIFS($C12:$CK12,$C$3:$CK$3,CN$4,$C$1:$CK$1,"<="&_xlfn.XLOOKUP(MAX($C$4:$CK$4),$C$4:$CK$4,$C$1:$CK$1))-1 -> 0.23315847 | DF23: =DF12/DB12-1 -> -0.044403513 | DG23: =DG12/DC12-1 -> -0.8111348 | DH23: =DH12/DD12-1 -> -0.099280367 | DI23: =DI12/DE12-1 -> 0.062266303 | DJ23: =DJ12/DF12-1 -> 0.35223557 | DK23: =DK12/DG12-1 -> 2.8458549 | DL23: =DL12/DH12-1 -> 0.71423652 | DM23: =DM12/DI12-1 -> -0.16085971 | ... EC23: =EC12/DY12-1 -> 0.39101625 | EF23: =EF12/EE12-1 -> -0.11825966 | EG23: =EG12/EF12-1 -> 0.34412253 | EH23: =EH12/EG12-1 -> 0.52153436 | EI23: =EI12/EH12-1 -> 0.45020819 | EJ23: =EJ12/EI12-1 -> 0.32634099 | EK23: =EK12/EJ12-1 -> 0.15007905
A24: =A13 -> Strong Hybrid PVs | N24: =IFERROR(N13/B13-1,"NA") -> NA | O24: =IFERROR(O13/C13-1,"NA") -> NA | P24: =IFERROR(P13/D13-1,"NA") -> NA | Q24: =IFERROR(Q13/E13-1,"NA") -> NA | R24: =IFERROR(R13/F13-1,"NA") -> NA | S24: =IFERROR(S13/G13-1,"NA") -> NA | T24: =IFERROR(T13/H13-1,"NA") -> NA | U24: =IFERROR(U13/I13-1,"NA") -> NA | ... CI24: =IFERROR(CI13/BW13-1,"NA") -> 0.11010053 | CL24: NA | DF24: =IFERROR(DF13/DB13-1,"NA") -> NA | DG24: =IFERROR(DG13/DC13-1,"NA") -> NA | DH24: =IFERROR(DH13/DD13-1,"NA") -> NA | DI24: =IFERROR(DI13/DE13-1,"NA") -> NA | DJ24: =IFERROR(DJ13/DF13-1,"NA") -> NA | DK24: =IFERROR(DK13/DG13-1,"NA") -> NA | DL24: =IFERROR(DL13/DH13-1,"NA") -> NA | DM24: =IFERROR(DM13/DI13-1,"NA") -> NA | ... EC24: =IFERROR(EC13/DY13-1,"NA") -> 0.228039 | EF24: =IFERROR(EF13/EE13-1,"NA") -> NA | EG24: =IFERROR(EG13/EF13-1,"NA") -> NA | EH24: =IFERROR(EH13/EG13-1,"NA") -> NA | EI24: =IFERROR(EI13/EH13-1,"NA") -> NA | EJ24: =IFERROR(EJ13/EI13-1,"NA") -> 48.162393 | EK24: =IFERROR(EK13/EJ13-1,"NA") -> 0.24118913
CI25: yoy growth
A26: =A7 -> 3Ws | N26: =N7/B7-1 -> 0.078211872 | O26: =O7/C7-1 -> 0.14586154 | P26: =P7/D7-1 -> 0.35356731 | Q26: =Q7/E7-1 -> -0.73127525 | R26: =R7/F7-1 -> -0.9703389 | S26: =S7/G7-1 -> -0.81945883 | T26: =T7/H7-1 -> -0.81333837 | U26: =U7/I7-1 -> -0.7571951 | ... CI26: =CI7/BW7-1 -> 0.29341034 | CL26: =CL7/SUMIFS($C7:$CK7,$C$3:$CK$3,CN$4,$C$1:$CK$1,"<="&_xlfn.XLOOKUP(MAX($C$4:$CK$4),$C$4:$CK$4,$C$1:$CK$1))-1 -> 0.24468603 | DF26: =DF7/DB7-1 -> 0.1940913 | DG26: =DG7/DC7-1 -> -0.84279519 | DH26: =DH7/DD7-1 -> -0.73768899 | DI26: =DI7/DE7-1 -> -0.67077801 | DJ26: =DJ7/DF7-1 -> -0.61257257 | DK26: =DK7/DG7-1 -> 0.31462845 | DL26: =DL7/DH7-1 -> 0.50993958 | DM26: =DM7/DI7-1 -> 0.31451911 | ... EC26: =EC7/DY7-1 -> 0.23089189 | EF26: =EF7/EE7-1 -> -0.7065133 | EG26: =EG7/EF7-1 -> 0.24566052 | EH26: =EH7/EG7-1 -> 0.67283142 | EI26: =EI7/EH7-1 -> 0.56655746 | EJ26: =EJ7/EI7-1 -> 0.072227826 | EK26: =EK7/EJ7-1 -> 0.059700346
A27: =A8 -> Tractors | N27: =N8/B8-1 -> 0.021551392 | O27: =O8/C8-1 -> 0.061668468 | P27: =P8/D8-1 -> -0.001500175 | Q27: =Q8/E8-1 -> -0.85602213 | R27: =R8/F8-1 -> -0.74106532 | S27: =S8/G8-1 -> 0.1409795 | T27: =T8/H8-1 -> 0.39160683 | U27: =U8/I8-1 -> 0.30397008 | ... CI27: =CI8/BW8-1 -> 0.36225981 | CL27: =CL8/SUMIFS($C8:$CK8,$C$3:$CK$3,CN$4,$C$1:$CK$1,"<="&_xlfn.XLOOKUP(MAX($C$4:$CK$4),$C$4:$CK$4,$C$1:$CK$1))-1 -> 0.28189071 | DF27: =DF8/DB8-1 -> 0.0264111 | DG27: =DG8/DC8-1 -> -0.46277421 | DH27: =DH8/DD8-1 -> 0.47843382 | DI27: =DI8/DE8-1 -> 0.34681816 | DJ27: =DJ8/DF8-1 -> 0.22227593 | DK27: =DK8/DG8-1 -> 0.65350386 | DL27: =DL8/DH8-1 -> -0.050702707 | DM27: =DM8/DI8-1 -> -0.1432573 | ... EC27: =EC8/DY8-1 -> 0.28351646 | EF27: =EF8/EE8-1 -> 0.17294827 | EG27: =EG8/EF8-1 -> -0.024115103 | EH27: =EH8/EG8-1 -> 0.084391986 | EI27: =EI8/EH8-1 -> 0.076623659 | EJ27: =EJ8/EI8-1 -> -0.013064021 | EK27: =EK8/EJ8-1 -> 0.093023165
A28: =A14 -> CVs | N28: =N14/B14-1 -> -0.08605906 | O28: =O14/C14-1 -> 0.065861297 | P28: =P14/D14-1 -> 0.31719728 | Q28: =Q14/E14-1 -> -0.75154092 | R28: =R14/F14-1 -> -0.96448949 | S28: =S14/G14-1 -> -0.71646826 | T28: =T14/H14-1 -> -0.60910468 | U28: =U14/I14-1 -> -0.46419627 | ... CI28: =CI14/BW14-1 -> 0.28151043 | CL28: =CL14/SUMIFS($C14:$CK14,$C$3:$CK$3,CN$4,$C$1:$CK$1,"<="&_xlfn.XLOOKUP(MAX($C$4:$CK$4),$C$4:$CK$4,$C$1:$CK$1))-1 -> 0.21546563 | DF28: =DF14/DB14-1 -> 0.10068627 | DG28: =DG14/DC14-1 -> -0.8143462 | DH28: =DH14/DD14-1 -> -0.4414392 | DI28: =DI14/DE14-1 -> -0.2200208 | DJ28: =DJ14/DF14-1 -> -0.2946887 | DK28: =DK14/DG14-1 -> 1.6567683 | DL28: =DL14/DH14-1 -> 0.51744551 | DM28: =DM14/DI14-1 -> 0.072404048 | ... EC28: =EC14/DY14-1 -> 0.2808382 | EF28: =EF14/EE14-1 -> -0.43402771 | EG28: =EG14/EF14-1 -> 0.2821746 | EH28: =EH14/EG14-1 -> 0.32109887 | EI28: =EI14/EH14-1 -> 0.025696794 | EJ28: =EJ14/EI14-1 -> -0.035353776 | EK28: =EK14/EJ14-1 -> 0.023625556
A29: =A15 -> LCVs | N29: =N15/B15-1 -> 0.042452511 | O29: =O15/C15-1 -> 0.18368183 | P29: =P15/D15-1 -> 0.41688736 | Q29: =Q15/E15-1 -> -0.7236973 | R29: =R15/F15-1 -> -0.9447254 | S29: =S15/G15-1 -> -0.56785509 | T29: =T15/H15-1 -> -0.44014215 | U29: =U15/I15-1 -> -0.26535249 | ... CI29: =CI15/BW15-1 -> 0.22641118 | CL29: =CL15/SUMIFS($C15:$CK15,$C$3:$CK$3,CN$4,$C$1:$CK$1,"<="&_xlfn.XLOOKUP(MAX($C$4:$CK$4),$C$4:$CK$4,$C$1:$CK$1))-1 -> 0.19326242 | DF29: =DF15/DB15-1 -> 0.21368206 | DG29: =DG15/DC15-1 -> -0.75211824 | DH29: =DH15/DD15-1 -> -0.24813316 | DI29: =DI15/DE15-1 -> -0.12833587 | DJ29: =DJ15/DF15-1 -> -0.26815494 | DK29: =DK15/DG15-1 -> 1.1232505 | DL29: =DL15/DH15-1 -> 0.22539565 | DM29: =DM15/DI15-1 -> -0.074362252 | ... EC29: =EC15/DY15-1 -> 0.30789139 | EF29: =EF15/EE15-1 -> -0.3361856 | EG29: =EG15/EF15-1 -> 0.11384926 | EH29: =EH15/EG15-1 -> 0.2415366 | EI29: =EI15/EH15-1 -> -0.020670136 | EJ29: =EJ15/EI15-1 -> -0.036329335 | EK29: =EK15/EJ15-1 -> 0.031460754
A31: EV share in retails
A32: PVs | B32: =B9/B5 -> 0.00023250115 | C32: =C9/C5 -> 0.00094109417 | D32: =D9/D5 -> 0.0009346635 | E32: =E9/E5 -> 0.00046638386 | F32: =F9/F5 -> 0.00024529121 | G32: =G9/G5 -> 0.0002639341 | H32: =H9/H5 -> 0.00048987663 | I32: =I9/I5 -> 0.00047866214 | ... CI32: =CI9/CI5 -> 0.03499602 | CL32: =CL9/CL5 -> 0.036088852 | CM32: =CM9/CM5 -> 0.037363047 | CN32: =CN9/CN5 -> 0.030503614 | CP32: =ROUND((CL32-CM32)*10000,0)&" bps" -> -13 bps | CQ32: =ROUND((CL32-CN32)*10000,0)&" bps" -> 56 bps | DB32: =DB9/DB5 -> 0.00066205562 | DC32: =DC9/DC5 -> 0.00032760378 | DD32: =DD9/DD5 -> 0.00060334057 | DE32: =DE9/DE5 -> 0.00062394885 | DF32: =DF9/DF5 -> 0.0015297657 | DG32: =DG9/DG5 -> 0.0019826092 | DH32: =DH9/DH5 -> 0.0018195605 | DI32: =DI9/DI5 -> 0.001735687 | ... EC32: =EC9/EC5 -> 0.037363047 | EE32: =EE9/EE5 -> 0.00078967183 | EF32: =EF9/EF5 -> 0.0020055239 | EG32: =EG9/EG5 -> 0.0063620705 | EH32: =EH9/EH5 -> 0.013157862 | EI32: =EI9/EI5 -> 0.023343782 | EJ32: =EJ9/EJ5 -> 0.026272137 | EK32: =EK9/EK5 -> 0.041818387
A33: 2Ws | B33: =B10/B6 -> 0.0017456013 | C33: =C10/C6 -> 0.002177636 | D33: =D10/D6 -> 0.0036850269 | E33: =E10/E6 -> 0.002015211 | F33: =F10/F6 -> 0.0010259798 | G33: =G10/G6 -> 0.0011592225 | H33: =H10/H6 -> 0.00098729479 | I33: =I10/I6 -> 0.0010720525 | ... CI33: =CI10/CI6 -> 0.063705946 | CL33: =CL10/CL6 -> 0.065042996 | CM33: =CM10/CM6 -> 0.051150153 | CN33: =CN10/CN6 -> 0.069358644 | CP33: =ROUND((CL33-CM33)*10000,0)&" bps" -> 139 bps | CQ33: =ROUND((CL33-CN33)*10000,0)&" bps" -> -43 bps | DB33: =DB10/DB6 -> 0.002551838 | DC33: =DC10/DC6 -> 0.0013927257 | DD33: =DD10/DD6 -> 0.0010836398 | DE33: =DE10/DE6 -> 0.0014770672 | DF33: =DF10/DF6 -> 0.0016344131 | DG33: =DG10/DG6 -> 0.0014188667 | DH33: =DH10/DH6 -> 0.0020519318 | DI33: =DI10/DI6 -> 0.0026793286 | ... EC33: =EC10/EC6 -> 0.051150153 | EE33: =EE10/EE6 -> 0.0014093797 | EF33: =EF10/EF6 -> 0.0033819162 | EG33: =EG10/EG6 -> 0.018697703 | EH33: =EH10/EH6 -> 0.045393718 | EI33: =EI10/EI6 -> 0.054037664 | EJ33: =EJ10/EJ6 -> 0.060850138 | EK33: =EK10/EK6 -> 0.061933946
A34: 3Ws | B34: =B11/B7 -> 0.0014788746 | C34: =C11/C7 -> 0.0012774801 | D34: =D11/D7 -> 0.0022129963 | E34: =E11/E7 -> 0.00095054981 | F34: =F11/F7 -> 0.001348232 | G34: =G11/G7 -> 0.0023951321 | H34: =H11/H7 -> 0.001134338 | I34: =I11/I7 -> 0.0024049928 | ... CI34: =CI11/CI7 -> 0.30738217 | CL34: =CL11/CL7 -> 0.31147198 | CM34: =CM11/CM7 -> 0.3390659 | CN34: =CN11/CN7 -> 0.26425891 | CP34: =ROUND((CL34-CM34)*10000,0)&" bps" -> -276 bps | CQ34: =ROUND((CL34-CN34)*10000,0)&" bps" -> 472 bps | DB34: =DB11/DB7 -> 0.0016631058 | DC34: =DC11/DC7 -> 0.0015608888 | DD34: =DD11/DD7 -> 0.0023005253 | DE34: =DE11/DE7 -> 0.0027241481 | DF34: =DF11/DF7 -> 0.0038653542 | DG34: =DG11/DG7 -> 0.006469584 | DH34: =DH11/DH7 -> 0.010499903 | DI34: =DI11/DI7 -> 0.010932906 | ... EC34: =EC11/EC7 -> 0.3390659 | EE34: =EE11/EE7 -> 0.002705698 | EF34: =EF11/EF7 -> 0.01249627 | EG34: =EG11/EG7 -> 0.046578477 | EH34: =EH11/EH7 -> 0.07616266 | EI34: =EI11/EI7 -> 0.15982475 | EJ34: =EJ11/EJ7 -> 0.23406482 | EK34: =EK11/EK7 -> 0.32800319
A36: CNG PV Penetration | B36: =B12/B5 -> 0.075719968 | C36: =C12/C5 -> 0.079559934 | D36: =D12/D5 -> 0.068828777 | E36: =E12/E5 -> 0.080623576 | F36: =F12/F5 -> 0.082550546 | G36: =G12/G5 -> 0.07786982 | H36: =H12/H5 -> 0.081737489 | I36: =I12/I5 -> 0.082943174 | ... CI36: =CI12/CI5 -> 0.23555495 | CL36: =CL12/CL5 -> 0.23174233 | CM36: =CM12/CM5 -> 0.21869981 | CN36: =CN12/CN5 -> 0.21176646 | CP36: =ROUND((CL36-CM36)*10000,0)&" bps" -> 130 bps | CQ36: =ROUND((CL36-CN36)*10000,0)&" bps" -> 200 bps | DB36: =DB12/DB5 -> 0.074688226 | DC36: =DC12/DC5 -> 0.080461176 | DD36: =DD12/DD5 -> 0.079499573 | DE36: =DE12/DE5 -> 0.077369657 | DF36: =DF12/DF5 -> 0.074508436 | DG36: =DG12/DG5 -> 0.056241577 | DH36: =DH12/DH5 -> 0.074557477 | DI36: =DI12/DI5 -> 0.075126451 | ... EC36: =EC12/EC5 -> 0.21869981 | EE36: =EE12/EE5 -> 0.077802915 | EF36: =EF12/EF5 -> 0.078136117 | EG36: =EG12/EG5 -> 0.092176124 | EH36: =EH12/EH5 -> 0.11377082 | EI36: =EI12/EI5 -> 0.15230206 | EJ36: =EJ12/EJ5 -> 0.1921007 | EK36: =EK12/EK5 -> 0.21678224
A37: Strong Hybrids PV Penetration | B37: =B13/B5 -> 0 | C37: =C13/C5 -> 0 | D37: =D13/D5 -> 0 | E37: =E13/E5 -> 0 | F37: =F13/F5 -> 0 | G37: =G13/G5 -> 0 | H37: =H13/H5 -> 0 | I37: =I13/I5 -> 0 | ... CI37: =CI13/CI5 -> 0.022198134 | CL37: =CL13/CL5 -> 0.022032196 | CM37: =CM13/CM5 -> 0.020981682 | CN37: =CN13/CN5 -> 0.02274741 | CP37: =ROUND((CL37-CM37)*10000,0)&" bps" -> 11 bps | CQ37: =ROUND((CL37-CN37)*10000,0)&" bps" -> -7 bps | DB37: =DB13/DB5 -> 0 | DC37: =DC13/DC5 -> 0 | DD37: =DD13/DD5 -> 0 | DE37: =DE13/DE5 -> 0 | DF37: =DF13/DF5 -> 0 | DG37: =DG13/DG5 -> 0 | DH37: =DH13/DH5 -> 0 | DI37: =DI13/DI5 -> 0 | ... EC37: =EC13/EC5 -> 0.020981682 | EE37: =EE13/EE5 -> 0 | EF37: =EF13/EF5 -> 0 | EG37: =EG13/EG5 -> 0 | EH37: =EH13/EH5 -> 0 | EI37: =EI13/EI5 -> 0.00042060405 | EJ37: =EJ13/EJ5 -> 0.019664117 | EK37: =EK13/EK5 -> 0.023948563
A39: Company wise | B39: =B4 -> 43466 | C39: =C4 -> 43497 | D39: =D4 -> 43525 | E39: =E4 -> 43556 | F39: =F4 -> 43586 | G39: =G4 -> 43617 | H39: =H4 -> 43647 | I39: =I4 -> 43678 | ... CI39: =CI4 -> 46054 | CL39: =CL4 -> 4Q26 | CM39: =CM4 -> 3Q26 | CN39: =CN4 -> 4Q25 | CP39: =CP4 -> QoQ Change | CQ39: =CQ4 -> YoY Change
A40: Maruti (only PV) | B40: =B78 -> 159587 | C40: =C78 -> 118284 | D40: =D78 -> 127156 | E40: =E78 -> 120832 | F40: =F78 -> 123329 | G40: =G78 -> 104852 | H40: =H78 -> 104948 | I40: =I78 -> 93963 | ... CI40: =CI78 -> 148873.39 | CL40: =SUMIFS($C40:$CK40,$C$3:$CK$3,CL$4,$C$1:$CK$1,"<="&_xlfn.XLOOKUP(MAX($C$4:$CK$4),$C$4:$CK$4,$C$1:$CK$1)) -> 366640.39 | CM40: =SUMIF($A$3:$CK$3,CM$4,$A40:$CK40) -> 552741 | CN40: =SUMIF($A$3:$CK$3,CN$4,$A40:$CK40) -> 468360 | CP40: =CL40/SUMIFS($C40:$CK40,$C$3:$CK$3,CM$4,$C$1:$CK$1,"<="&_xlfn.XLOOKUP(MAX($C$4:$CK$4),$C$4:$CK$4,$C$1:$CK$1))-1 -> -0.085589036 | CQ40: =CL40/SUMIFS($C40:$CK40,$C$3:$CK$3,CN$4,$C$1:$CK$1,"<="&_xlfn.XLOOKUP(MAX($C$4:$CK$4),$C$4:$CK$4,$C$1:$CK$1))-1 -> 0.09728221 | DB40: =SUMIF($B$3:$CK$3,DB$4,$B40:$CK40) -> 405027 | DC40: =SUMIF($B$3:$CK$3,DC$4,$B40:$CK40) -> 349013 | DD40: =SUMIF($B$3:$CK$3,DD$4,$B40:$CK40) -> 287494 | DE40: =SUMIF($B$3:$CK$3,DE$4,$B40:$CK40) -> 392510 | DF40: =SUMIF($B$3:$CK$3,DF$4,$B40:$CK40) -> 380834 | DG40: =SUMIF($B$3:$CK$3,DG$4,$B40:$CK40) -> 95809 | DH40: =SUMIF($B$3:$CK$3,DH$4,$B40:$CK40) -> 288743 | DI40: =SUMIF($B$3:$CK$3,DI$4,$B40:$CK40) -> 434388 | ... EC40: =SUMIF($B$3:$CK$3,EC$4,$B40:$CK40) -> 552741 | EE40: =SUMIF($B$2:$CK$2,EE$4,$B40:$CK40) -> 1409851 | EF40: =SUMIF($B$2:$CK$2,EF$4,$B40:$CK40) -> 1236632 | EG40: =SUMIF($B$2:$CK$2,EG$4,$B40:$CK40) -> 1242295 | EH40: =SUMIF($B$2:$CK$2,EH$4,$B40:$CK40) -> 1480871 | EI40: =SUMIF($B$2:$CK$2,EI$4,$B40:$CK40) -> 1604623 | EJ40: =SUMIF($B$2:$CK$2,EJ$4,$B40:$CK40) -> 1670504 | EK40: =SUMIF($B$2:$CK$2,EK$4,$B40:$CK40) -> 1684806.4
A42: Hyundai | B42: =B80 -> 54730 | C42: =C80 -> 40556 | D42: =D80 -> 38926 | E42: =E80 -> 37939 | F42: =F80 -> 40223 | G42: =G80 -> 38787 | H42: =H80 -> 42210 | I42: =I80 -> 38903 | ... CI42: =CI80 -> 44578.043 | CL42: =SUMIFS($C42:$CK42,$C$3:$CK$3,CL$4,$C$1:$CK$1,"<="&_xlfn.XLOOKUP(MAX($C$4:$CK$4),$C$4:$CK$4,$C$1:$CK$1)) -> 111356.04 | CM42: =SUMIF($A$3:$CK$3,CM$4,$A42:$CK42) -> 167050 | CN42: =SUMIF($A$3:$CK$3,CN$4,$A42:$CK42) -> 144718 | CP42: =CL42/SUMIFS($C42:$CK42,$C$3:$CK$3,CM$4,$C$1:$CK$1,"<="&_xlfn.XLOOKUP(MAX($C$4:$CK$4),$C$4:$CK$4,$C$1:$CK$1))-1 -> -0.055824627 | CQ42: =CL42/SUMIFS($C42:$CK42,$C$3:$CK$3,CN$4,$C$1:$CK$1,"<="&_xlfn.XLOOKUP(MAX($C$4:$CK$4),$C$4:$CK$4,$C$1:$CK$1))-1 -> 0.10501864 | DB42: =SUMIF($B$3:$CK$3,DB$4,$B42:$CK42) -> 134212 | DC42: =SUMIF($B$3:$CK$3,DC$4,$B42:$CK42) -> 116949 | DD42: =SUMIF($B$3:$CK$3,DD$4,$B42:$CK42) -> 115109 | DE42: =SUMIF($B$3:$CK$3,DE$4,$B42:$CK42) -> 147748 | DF42: =SUMIF($B$3:$CK$3,DF$4,$B42:$CK42) -> 125001 | DG42: =SUMIF($B$3:$CK$3,DG$4,$B42:$CK42) -> 35702 | DH42: =SUMIF($B$3:$CK$3,DH$4,$B42:$CK42) -> 111372 | DI42: =SUMIF($B$3:$CK$3,DI$4,$B42:$CK42) -> 151938 | ... EC42: =SUMIF($B$3:$CK$3,EC$4,$B42:$CK42) -> 167050 | EE42: =SUMIF($B$2:$CK$2,EE$4,$B42:$CK42) -> 504807 | EF42: =SUMIF($B$2:$CK$2,EF$4,$B42:$CK42) -> 453023 | EG42: =SUMIF($B$2:$CK$2,EG$4,$B42:$CK42) -> 478673 | EH42: =SUMIF($B$2:$CK$2,EH$4,$B42:$CK42) -> 526452 | EI42: =SUMIF($B$2:$CK$2,EI$4,$B42:$CK42) -> 562176 | EJ42: =SUMIF($B$2:$CK$2,EJ$4,$B42:$CK42) -> 559528 | EK42: =SUMIF($B$2:$CK$2,EK$4,$B42:$CK42) -> 526485.04
A44: Kia | B44: =B81 -> 0 | C44: =C81 -> 0 | D44: =D81 -> 0 | E44: =E81 -> 0 | F44: =F81 -> 0 | G44: =G81 -> 1 | H44: =H81 -> 0 | I44: =I81 -> 159 | ... CI44: =CI81 -> 24608.391 | CL44: =SUMIFS($C44:$CK44,$C$3:$CK$3,CL$4,$C$1:$CK$1,"<="&_xlfn.XLOOKUP(MAX($C$4:$CK$4),$C$4:$CK$4,$C$1:$CK$1)) -> 55154.391 | CM44: =SUMIF($A$3:$CK$3,CM$4,$A44:$CK44) -> 79531 | CN44: =SUMIF($A$3:$CK$3,CN$4,$A44:$CK44) -> 65181 | CP44: =CL44/SUMIFS($C44:$CK44,$C$3:$CK$3,CM$4,$C$1:$CK$1,"<="&_xlfn.XLOOKUP(MAX($C$4:$CK$4),$C$4:$CK$4,$C$1:$CK$1))-1 -> -0.05841315 | CQ44: =CL44/SUMIFS($C44:$CK44,$C$3:$CK$3,CN$4,$C$1:$CK$1,"<="&_xlfn.XLOOKUP(MAX($C$4:$CK$4),$C$4:$CK$4,$C$1:$CK$1))-1 -> 0.30182433 | DB44: =SUMIF($B$3:$CK$3,DB$4,$B44:$CK44) -> 0 | DC44: =SUMIF($B$3:$CK$3,DC$4,$B44:$CK44) -> 1 | DD44: =SUMIF($B$3:$CK$3,DD$4,$B44:$CK44) -> 3242 | DE44: =SUMIF($B$3:$CK$3,DE$4,$B44:$CK44) -> 29773 | DF44: =SUMIF($B$3:$CK$3,DF$4,$B44:$CK44) -> 29818 | DG44: =SUMIF($B$3:$CK$3,DG$4,$B44:$CK44) -> 8124 | DH44: =SUMIF($B$3:$CK$3,DH$4,$B44:$CK44) -> 23414 | DI44: =SUMIF($B$3:$CK$3,DI$4,$B44:$CK44) -> 53967 | ... EC44: =SUMIF($B$3:$CK$3,EC$4,$B44:$CK44) -> 79531 | EE44: =SUMIF($B$2:$CK$2,EE$4,$B44:$CK44) -> 62834 | EF44: =SUMIF($B$2:$CK$2,EF$4,$B44:$CK44) -> 131361 | EG44: =SUMIF($B$2:$CK$2,EG$4,$B44:$CK44) -> 155871 | EH44: =SUMIF($B$2:$CK$2,EH$4,$B44:$CK44) -> 233082 | EI44: =SUMIF($B$2:$CK$2,EI$4,$B44:$CK44) -> 226032 | EJ44: =SUMIF($B$2:$CK$2,EJ$4,$B44:$CK44) -> 242085 | EK44: =SUMIF($B$2:$CK$2,EK$4,$B44:$CK44) -> 249336.39
A46: Toyota | B46: =B84 -> 12854 | C46: =C84 -> 9604 | D46: =D84 -> 10281 | E46: =E84 -> 9759 | F46: =F84 -> 9874 | G46: =G84 -> 9075 | H46: =H84 -> 9982 | I46: =I84 -> 9325 | ... CI46: =CI84 -> 25381.304 | CL46: =SUMIFS($C46:$CK46,$C$3:$CK$3,CL$4,$C$1:$CK$1,"<="&_xlfn.XLOOKUP(MAX($C$4:$CK$4),$C$4:$CK$4,$C$1:$CK$1)) -> 60741.304 | CM46: =SUMIF($A$3:$CK$3,CM$4,$A46:$CK46) -> 91149 | CN46: =SUMIF($A$3:$CK$3,CN$4,$A46:$CK46) -> 75593 | CP46: =CL46/SUMIFS($C46:$CK46,$C$3:$CK$3,CM$4,$C$1:$CK$1,"<="&_xlfn.XLOOKUP(MAX($C$4:$CK$4),$C$4:$CK$4,$C$1:$CK$1))-1 -> -0.061519022 | CQ46: =CL46/SUMIFS($C46:$CK46,$C$3:$CK$3,CN$4,$C$1:$CK$1,"<="&_xlfn.XLOOKUP(MAX($C$4:$CK$4),$C$4:$CK$4,$C$1:$CK$1))-1 -> 0.18035959 | DB46: =SUMIF($B$3:$CK$3,DB$4,$B46:$CK46) -> 32739 | DC46: =SUMIF($B$3:$CK$3,DC$4,$B46:$CK46) -> 28708 | DD46: =SUMIF($B$3:$CK$3,DD$4,$B46:$CK46) -> 27389 | DE46: =SUMIF($B$3:$CK$3,DE$4,$B46:$CK46) -> 29670 | DF46: =SUMIF($B$3:$CK$3,DF$4,$B46:$CK46) -> 23165 | DG46: =SUMIF($B$3:$CK$3,DG$4,$B46:$CK46) -> 6484 | DH46: =SUMIF($B$3:$CK$3,DH$4,$B46:$CK46) -> 14857 | DI46: =SUMIF($B$3:$CK$3,DI$4,$B46:$CK46) -> 24861 | ... EC46: =SUMIF($B$3:$CK$3,EC$4,$B46:$CK46) -> 91149 | EE46: =SUMIF($B$2:$CK$2,EE$4,$B46:$CK46) -> 108932 | EF46: =SUMIF($B$2:$CK$2,EF$4,$B46:$CK46) -> 78853 | EG46: =SUMIF($B$2:$CK$2,EG$4,$B46:$CK46) -> 112449 | EH46: =SUMIF($B$2:$CK$2,EH$4,$B46:$CK46) -> 155367 | EI46: =SUMIF($B$2:$CK$2,EI$4,$B46:$CK46) -> 200286 | EJ46: =SUMIF($B$2:$CK$2,EJ$4,$B46:$CK46) -> 264387 | EK46: =SUMIF($B$2:$CK$2,EK$4,$B46:$CK46) -> 296287.3
A48: PV | B48: =B82 -> 20436 | C48: =C82 -> 18711 | D48: =D82 -> 21785 | E48: =E82 -> 20696 | F48: =F82 -> 20877 | G48: =G82 -> 17912 | H48: =H82 -> 17651 | I48: =I82 -> 14329 | ... CI48: =CI82 -> 50964.348 | CL48: =SUMIFS($C48:$CK48,$C$3:$CK$3,CL$4,$C$1:$CK$1,"<="&_xlfn.XLOOKUP(MAX($C$4:$CK$4),$C$4:$CK$4,$C$1:$CK$1)) -> 115054.35 | CM48: =SUMIF($A$3:$CK$3,CM$4,$A48:$CK48) -> 175981 | CN48: =SUMIF($A$3:$CK$3,CN$4,$A48:$CK48) -> 144364 | CP48: =CL48/SUMIFS($C48:$CK48,$C$3:$CK$3,CM$4,$C$1:$CK$1,"<="&_xlfn.XLOOKUP(MAX($C$4:$CK$4),$C$4:$CK$4,$C$1:$CK$1))-1 -> -0.097060572 | CQ48: =CL48/SUMIFS($C48:$CK48,$C$3:$CK$3,CN$4,$C$1:$CK$1,"<="&_xlfn.XLOOKUP(MAX($C$4:$CK$4),$C$4:$CK$4,$C$1:$CK$1))-1 -> 0.20039592 | DB48: =SUMIF($B$3:$CK$3,DB$4,$B48:$CK48) -> 60932 | DC48: =SUMIF($B$3:$CK$3,DC$4,$B48:$CK48) -> 59485 | DD48: =SUMIF($B$3:$CK$3,DD$4,$B48:$CK48) -> 43874 | DE48: =SUMIF($B$3:$CK$3,DE$4,$B48:$CK48) -> 49637 | DF48: =SUMIF($B$3:$CK$3,DF$4,$B48:$CK48) -> 56359 | DG48: =SUMIF($B$3:$CK$3,DG$4,$B48:$CK48) -> 8932 | DH48: =SUMIF($B$3:$CK$3,DH$4,$B48:$CK48) -> 29434 | DI48: =SUMIF($B$3:$CK$3,DI$4,$B48:$CK48) -> 46506 | ... EC48: =SUMIF($B$3:$CK$3,EC$4,$B48:$CK48) -> 175981 | EE48: =SUMIF($B$2:$CK$2,EE$4,$B48:$CK48) -> 209355 | EF48: =SUMIF($B$2:$CK$2,EF$4,$B48:$CK48) -> 132824 | EG48: =SUMIF($B$2:$CK$2,EG$4,$B48:$CK48) -> 194005 | EH48: =SUMIF($B$2:$CK$2,EH$4,$B48:$CK48) -> 320363 | EI48: =SUMIF($B$2:$CK$2,EI$4,$B48:$CK48) -> 422613 | EJ48: =SUMIF($B$2:$CK$2,EJ$4,$B48:$CK48) -> 508027 | EK48: =SUMIF($B$2:$CK$2,EK$4,$B48:$CK48) -> 557270.35
A49: Tractors | B49: =B236 -> 23850 | C49: =C236 -> 20615 | D49: =D236 -> 21132 | E49: =E236 -> 15952 | F49: =F236 -> 17160 | G49: =G236 -> 18277 | H49: =H236 -> 25677 | I49: =I236 -> 23255 | ... CI49: =CI236 -> 38258.565 | CL49: =SUMIFS($C49:$CK49,$C$3:$CK$3,CL$4,$C$1:$CK$1,"<="&_xlfn.XLOOKUP(MAX($C$4:$CK$4),$C$4:$CK$4,$C$1:$CK$1)) -> 86185.565 | CM49: =SUMIF($A$3:$CK$3,CM$4,$A49:$CK49) -> 137205 | CN49: =SUMIF($A$3:$CK$3,CN$4,$A49:$CK49) -> 99667 | CP49: =CL49/SUMIFS($C49:$CK49,$C$3:$CK$3,CM$4,$C$1:$CK$1,"<="&_xlfn.XLOOKUP(MAX($C$4:$CK$4),$C$4:$CK$4,$C$1:$CK$1))-1 -> 0.0080536769 | CQ49: =CL49/SUMIFS($C49:$CK49,$C$3:$CK$3,CN$4,$C$1:$CK$1,"<="&_xlfn.XLOOKUP(MAX($C$4:$CK$4),$C$4:$CK$4,$C$1:$CK$1))-1 -> 0.27284437 | DB49: =SUMIF($B$3:$CK$3,DB$4,$B49:$CK49) -> 65597 | DC49: =SUMIF($B$3:$CK$3,DC$4,$B49:$CK49) -> 51389 | DD49: =SUMIF($B$3:$CK$3,DD$4,$B49:$CK49) -> 65599 | DE49: =SUMIF($B$3:$CK$3,DE$4,$B49:$CK49) -> 61444 | DF49: =SUMIF($B$3:$CK$3,DF$4,$B49:$CK49) -> 73302 | DG49: =SUMIF($B$3:$CK$3,DG$4,$B49:$CK49) -> 27798 | DH49: =SUMIF($B$3:$CK$3,DH$4,$B49:$CK49) -> 98521 | DI49: =SUMIF($B$3:$CK$3,DI$4,$B49:$CK49) -> 82093 | ... EC49: =SUMIF($B$3:$CK$3,EC$4,$B49:$CK49) -> 137205 | EE49: =SUMIF($B$2:$CK$2,EE$4,$B49:$CK49) -> 251734 | EF49: =SUMIF($B$2:$CK$2,EF$4,$B49:$CK49) -> 292393 | EG49: =SUMIF($B$2:$CK$2,EG$4,$B49:$CK49) -> 282701 | EH49: =SUMIF($B$2:$CK$2,EH$4,$B49:$CK49) -> 323300 | EI49: =SUMIF($B$2:$CK$2,EI$4,$B49:$CK49) -> 364956 | EJ49: =SUMIF($B$2:$CK$2,EJ$4,$B49:$CK49) -> 373733 | EK49: =SUMIF($B$2:$CK$2,EK$4,$B49:$CK49) -> 411089.57
A50: 3Ws | B50: =B196 -> 3606 | C50: =C196 -> 3324 | D50: =D196 -> 3264 | E50: =E196 -> 2520 | F50: =F196 -> 2840 | G50: =G196 -> 2786 | H50: =H196 -> 3196 | I50: =I196 -> 2776 | ... CI50: =CI196 -> 7532.4348 | CL50: =SUMIFS($C50:$CK50,$C$3:$CK$3,CL$4,$C$1:$CK$1,"<="&_xlfn.XLOOKUP(MAX($C$4:$CK$4),$C$4:$CK$4,$C$1:$CK$1)) -> 15038.435 | CM50: =SUMIF($A$3:$CK$3,CM$4,$A50:$CK50) -> 30193 | CN50: =SUMIF($A$3:$CK$3,CN$4,$A50:$CK50) -> 18892 | CP50: =CL50/SUMIFS($C50:$CK50,$C$3:$CK$3,CM$4,$C$1:$CK$1,"<="&_xlfn.XLOOKUP(MAX($C$4:$CK$4),$C$4:$CK$4,$C$1:$CK$1))-1 -> -0.3296289 | CQ50: =CL50/SUMIFS($C50:$CK50,$C$3:$CK$3,CN$4,$C$1:$CK$1,"<="&_xlfn.XLOOKUP(MAX($C$4:$CK$4),$C$4:$CK$4,$C$1:$CK$1))-1 -> 0.23437862 | DB50: =SUMIF($B$3:$CK$3,DB$4,$B50:$CK50) -> 10194 | DC50: =SUMIF($B$3:$CK$3,DC$4,$B50:$CK50) -> 8146 | DD50: =SUMIF($B$3:$CK$3,DD$4,$B50:$CK50) -> 8823 | DE50: =SUMIF($B$3:$CK$3,DE$4,$B50:$CK50) -> 10807 | DF50: =SUMIF($B$3:$CK$3,DF$4,$B50:$CK50) -> 16053 | DG50: =SUMIF($B$3:$CK$3,DG$4,$B50:$CK50) -> 1439 | DH50: =SUMIF($B$3:$CK$3,DH$4,$B50:$CK50) -> 218 | DI50: =SUMIF($B$3:$CK$3,DI$4,$B50:$CK50) -> 2036 | ... EC50: =SUMIF($B$3:$CK$3,EC$4,$B50:$CK50) -> 30193 | EE50: =SUMIF($B$2:$CK$2,EE$4,$B50:$CK50) -> 43829 | EF50: =SUMIF($B$2:$CK$2,EF$4,$B50:$CK50) -> 8178 | EG50: =SUMIF($B$2:$CK$2,EG$4,$B50:$CK50) -> 13919 | EH50: =SUMIF($B$2:$CK$2,EH$4,$B50:$CK50) -> 23175 | EI50: =SUMIF($B$2:$CK$2,EI$4,$B50:$CK50) -> 49143 | EJ50: =SUMIF($B$2:$CK$2,EJ$4,$B50:$CK50) -> 67490 | EK50: =SUMIF($B$2:$CK$2,EK$4,$B50:$CK50) -> 91323.435
A51: LCV | B51: =CV!C34 -> 19099 | C51: =CV!D34 -> 17992 | D51: =CV!E34 -> 18793 | E51: =CV!F34 -> 17611 | F51: =CV!G34 -> 17675 | G51: =CV!H34 -> 15338 | H51: =CV!I34 -> 16661 | I51: =CV!J34 -> 14402 | ... CC51: =CV!CD34 -> 18991 | CD51: =CV!CF34 -> 33655 | CE51: =CV!CG34 -> 24931 | CF51: =CV!CG34 -> 24931 | CG51: =CV!CH34 -> 20399 | CH51: =CV!CI34 -> 28933 | CI51: =CV!CJ34 -> 23285.739 | CL51: =SUMIFS($C51:$CK51,$C$3:$CK$3,CL$4,$C$1:$CK$1,"<="&_xlfn.XLOOKUP(MAX($C$4:$CK$4),$C$4:$CK$4,$C$1:$CK$1)) -> 52218.739 | CM51: =SUMIF($A$3:$CK$3,CM$4,$A51:$CK51) -> 70261 | CN51: =SUMIF($A$3:$CK$3,CN$4,$A51:$CK51) -> 65225 | CP51: =CL51/SUMIFS($C51:$CK51,$C$3:$CK$3,CM$4,$C$1:$CK$1,"<="&_xlfn.XLOOKUP(MAX($C$4:$CK$4),$C$4:$CK$4,$C$1:$CK$1))-1 -> 0.047265235 | CQ51: =CL51/SUMIFS($C51:$CK51,$C$3:$CK$3,CN$4,$C$1:$CK$1,"<="&_xlfn.XLOOKUP(MAX($C$4:$CK$4),$C$4:$CK$4,$C$1:$CK$1))-1 -> 0.19477278 | DB51: =SUMIF($B$3:$CK$3,DB$4,$B51:$CK51) -> 55884 | DC51: =SUMIF($B$3:$CK$3,DC$4,$B51:$CK51) -> 50624 | DD51: =SUMIF($B$3:$CK$3,DD$4,$B51:$CK51) -> 45205 | DE51: =SUMIF($B$3:$CK$3,DE$4,$B51:$CK51) -> 54673 | DF51: =SUMIF($B$3:$CK$3,DF$4,$B51:$CK51) -> 66752 | DG51: =SUMIF($B$3:$CK$3,DG$4,$B51:$CK51) -> 10517 | DH51: =SUMIF($B$3:$CK$3,DH$4,$B51:$CK51) -> 35144 | DI51: =SUMIF($B$3:$CK$3,DI$4,$B51:$CK51) -> 48777 | ... EC51: =SUMIF($B$3:$CK$3,EC$4,$B51:$CK51) -> 70261 | EE51: =SUMIF($B$2:$CK$2,EE$4,$B51:$CK51) -> 217254 | EF51: =SUMIF($B$2:$CK$2,EF$4,$B51:$CK51) -> 132752 | EG51: =SUMIF($B$2:$CK$2,EG$4,$B51:$CK51) -> 142789 | EH51: =SUMIF($B$2:$CK$2,EH$4,$B51:$CK51) -> 216896 | EI51: =SUMIF($B$2:$CK$2,EI$4,$B51:$CK51) -> 221522 | EJ51: =SUMIF($B$2:$CK$2,EJ$4,$B51:$CK51) -> 227014 | EK51: =SUMIF($B$2:$CK$2,EK$4,$B51:$CK51) -> 245692.74
A52: MHCV | B52: =CV!C39 -> 865 | C52: =CV!D39 -> 901 | D52: =CV!E39 -> 955 | E52: =CV!F39 -> 779 | F52: =CV!G39 -> 849 | G52: =CV!H39 -> 879 | H52: =CV!I39 -> 923 | I52: =CV!J39 -> 682 | ... CC52: =CV!CD39 -> 571 | CD52: =CV!CF39 -> 636 | CE52: =CV!CG39 -> 605 | CF52: =CV!CG39 -> 605 | CG52: =CV!CH39 -> 588 | CH52: =CV!CI39 -> 682 | CI52: =CV!CJ39 -> 796.86957 | CL52: =SUMIFS($C52:$CK52,$C$3:$CK$3,CL$4,$C$1:$CK$1,"<="&_xlfn.XLOOKUP(MAX($C$4:$CK$4),$C$4:$CK$4,$C$1:$CK$1)) -> 1478.8696 | CM52: =SUMIF($A$3:$CK$3,CM$4,$A52:$CK52) -> 1798 | CN52: =SUMIF($A$3:$CK$3,CN$4,$A52:$CK52) -> 2065 | CP52: =CL52/SUMIFS($C52:$CK52,$C$3:$CK$3,CM$4,$C$1:$CK$1,"<="&_xlfn.XLOOKUP(MAX($C$4:$CK$4),$C$4:$CK$4,$C$1:$CK$1))-1 -> 0.22220625 | CQ52: =CL52/SUMIFS($C52:$CK52,$C$3:$CK$3,CN$4,$C$1:$CK$1,"<="&_xlfn.XLOOKUP(MAX($C$4:$CK$4),$C$4:$CK$4,$C$1:$CK$1))-1 -> 0.082627793 | DB52: =SUMIF($B$3:$CK$3,DB$4,$B52:$CK52) -> 2721 | DC52: =SUMIF($B$3:$CK$3,DC$4,$B52:$CK52) -> 2507 | DD52: =SUMIF($B$3:$CK$3,DD$4,$B52:$CK52) -> 2132 | DE52: =SUMIF($B$3:$CK$3,DE$4,$B52:$CK52) -> 1634 | DF52: =SUMIF($B$3:$CK$3,DF$4,$B52:$CK52) -> 2531 | DG52: =SUMIF($B$3:$CK$3,DG$4,$B52:$CK52) -> 309 | DH52: =SUMIF($B$3:$CK$3,DH$4,$B52:$CK52) -> 201 | DI52: =SUMIF($B$3:$CK$3,DI$4,$B52:$CK52) -> 764 | ... EC52: =SUMIF($B$3:$CK$3,EC$4,$B52:$CK52) -> 1798 | EE52: =SUMIF($B$2:$CK$2,EE$4,$B52:$CK52) -> 8804 | EF52: =SUMIF($B$2:$CK$2,EF$4,$B52:$CK52) -> 2475 | EG52: =SUMIF($B$2:$CK$2,EG$4,$B52:$CK52) -> 4151 | EH52: =SUMIF($B$2:$CK$2,EH$4,$B52:$CK52) -> 5796 | EI52: =SUMIF($B$2:$CK$2,EI$4,$B52:$CK52) -> 7634 | EJ52: =SUMIF($B$2:$CK$2,EJ$4,$B52:$CK52) -> 7592 | EK52: =SUMIF($B$2:$CK$2,EK$4,$B52:$CK52) -> 7225.8696
A53: Mahindra & Mahindra | B53: =SUM(B48:B52) -> 67856 | C53: =SUM(C48:C52) -> 61543 | D53: =SUM(D48:D52) -> 65929 | E53: =SUM(E48:E52) -> 57558 | F53: =SUM(F48:F52) -> 59401 | G53: =SUM(G48:G52) -> 55192 | H53: =SUM(H48:H52) -> 64108 | I53: =SUM(I48:I52) -> 55444 | ... CI53: =SUM(CI48:CI52) -> 120837.96 | CL53: =SUM(CL48:CL52) -> 269975.96 | CM53: =SUM(CM48:CM52) -> 415438 | CN53: =SUM(CN48:CN52) -> 330213 | CP53: =CL53/SUMIFS($C53:$CK53,$C$3:$CK$3,CM$4,$C$1:$CK$1,"<="&_xlfn.XLOOKUP(MAX($C$4:$CK$4),$C$4:$CK$4,$C$1:$CK$1))-1 -> -0.057425507 | CQ53: =CL53/SUMIFS($C53:$CK53,$C$3:$CK$3,CN$4,$C$1:$CK$1,"<="&_xlfn.XLOOKUP(MAX($C$4:$CK$4),$C$4:$CK$4,$C$1:$CK$1))-1 -> 0.22264521 | DB53: =SUMIF($B$3:$CK$3,DB$4,$B53:$CK53) -> 195328 | DC53: =SUMIF($B$3:$CK$3,DC$4,$B53:$CK53) -> 172151 | DD53: =SUMIF($B$3:$CK$3,DD$4,$B53:$CK53) -> 165633 | DE53: =SUMIF($B$3:$CK$3,DE$4,$B53:$CK53) -> 178195 | DF53: =SUMIF($B$3:$CK$3,DF$4,$B53:$CK53) -> 214997 | DG53: =SUMIF($B$3:$CK$3,DG$4,$B53:$CK53) -> 48995 | DH53: =SUMIF($B$3:$CK$3,DH$4,$B53:$CK53) -> 163518 | DI53: =SUMIF($B$3:$CK$3,DI$4,$B53:$CK53) -> 180176 | ... EC53: =SUMIF($B$3:$CK$3,EC$4,$B53:$CK53) -> 415438 | EE53: =SUMIF($B$2:$CK$2,EE$4,$B53:$CK53) -> 730976 | EF53: =SUMIF($B$2:$CK$2,EF$4,$B53:$CK53) -> 568622 | EG53: =SUMIF($B$2:$CK$2,EG$4,$B53:$CK53) -> 637565 | EH53: =SUMIF($B$2:$CK$2,EH$4,$B53:$CK53) -> 889530 | EI53: =SUMIF($B$2:$CK$2,EI$4,$B53:$CK53) -> 1065868 | EJ53: =SUMIF($B$2:$CK$2,EJ$4,$B53:$CK53) -> 1183856 | EK53: =SUMIF($B$2:$CK$2,EK$4,$B53:$CK53) -> 1312602
A55: PV | B55: =B83 -> 20866 | C55: =C83 -> 15230 | D55: =D83 -> 16095 | E55: =E83 -> 17014 | F55: =F83 -> 16267 | G55: =G83 -> 13261 | H55: =H83 -> 13108 | I55: =I83 -> 10960 | ... CI55: =CI83 -> 51274.522 | CL55: =SUMIFS($C55:$CK55,$C$3:$CK$3,CL$4,$C$1:$CK$1,"<="&_xlfn.XLOOKUP(MAX($C$4:$CK$4),$C$4:$CK$4,$C$1:$CK$1)) -> 114749.52 | CM55: =SUMIF($A$3:$CK$3,CM$4,$A55:$CK55) -> 181312 | CN55: =SUMIF($A$3:$CK$3,CN$4,$A55:$CK55) -> 141385 | CP55: =CL55/SUMIFS($C55:$CK55,$C$3:$CK$3,CM$4,$C$1:$CK$1,"<="&_xlfn.XLOOKUP(MAX($C$4:$CK$4),$C$4:$CK$4,$C$1:$CK$1))-1 -> -0.11218252 | CQ55: =CL55/SUMIFS($C55:$CK55,$C$3:$CK$3,CN$4,$C$1:$CK$1,"<="&_xlfn.XLOOKUP(MAX($C$4:$CK$4),$C$4:$CK$4,$C$1:$CK$1))-1 -> 0.23721829 | DB55: =SUMIF($B$3:$CK$3,DB$4,$B55:$CK55) -> 52191 | DC55: =SUMIF($B$3:$CK$3,DC$4,$B55:$CK55) -> 46542 | DD55: =SUMIF($B$3:$CK$3,DD$4,$B55:$CK55) -> 33543 | DE55: =SUMIF($B$3:$CK$3,DE$4,$B55:$CK55) -> 38935 | DF55: =SUMIF($B$3:$CK$3,DF$4,$B55:$CK55) -> 47215 | DG55: =SUMIF($B$3:$CK$3,DG$4,$B55:$CK55) -> 13600 | DH55: =SUMIF($B$3:$CK$3,DH$4,$B55:$CK55) -> 46342 | DI55: =SUMIF($B$3:$CK$3,DI$4,$B55:$CK55) -> 65216 | ... EC55: =SUMIF($B$3:$CK$3,EC$4,$B55:$CK55) -> 181312 | EE55: =SUMIF($B$2:$CK$2,EE$4,$B55:$CK55) -> 166235 | EF55: =SUMIF($B$2:$CK$2,EF$4,$B55:$CK55) -> 199731 | EG55: =SUMIF($B$2:$CK$2,EG$4,$B55:$CK55) -> 329909 | EH55: =SUMIF($B$2:$CK$2,EH$4,$B55:$CK55) -> 480945 | EI55: =SUMIF($B$2:$CK$2,EI$4,$B55:$CK55) -> 530296 | EJ55: =SUMIF($B$2:$CK$2,EJ$4,$B55:$CK55) -> 523570 | EK55: =SUMIF($B$2:$CK$2,EK$4,$B55:$CK55) -> 530405.52
A56: LCV | B56: =CV!C35 -> 18699 | C56: =CV!D35 -> 18025 | D56: =CV!E35 -> 18937 | E56: =CV!F35 -> 18148 | F56: =CV!G35 -> 16686 | G56: =CV!H35 -> 14443 | H56: =CV!I35 -> 15593 | I56: =CV!J35 -> 15568 | ... CC56: =CV!CD35 -> 11148 | CD56: =CV!CF35 -> 18091 | CE56: =CV!CG35 -> 14575 | CF56: =CV!CG35 -> 14575 | CG56: =CV!CH35 -> 13057 | CH56: =CV!CI35 -> 16847 | CI56: =CV!CJ35 -> 14092.739 | CL56: =SUMIFS($C56:$CK56,$C$3:$CK$3,CL$4,$C$1:$CK$1,"<="&_xlfn.XLOOKUP(MAX($C$4:$CK$4),$C$4:$CK$4,$C$1:$CK$1)) -> 30939.739 | CM56: =SUMIF($A$3:$CK$3,CM$4,$A56:$CK56) -> 42207 | CN56: =SUMIF($A$3:$CK$3,CN$4,$A56:$CK56) -> 40484 | CP56: =CL56/SUMIFS($C56:$CK56,$C$3:$CK$3,CM$4,$C$1:$CK$1,"<="&_xlfn.XLOOKUP(MAX($C$4:$CK$4),$C$4:$CK$4,$C$1:$CK$1))-1 -> 0.061397569 | CQ56: =CL56/SUMIFS($C56:$CK56,$C$3:$CK$3,CN$4,$C$1:$CK$1,"<="&_xlfn.XLOOKUP(MAX($C$4:$CK$4),$C$4:$CK$4,$C$1:$CK$1))-1 -> 0.14194062 | DB56: =SUMIF($B$3:$CK$3,DB$4,$B56:$CK56) -> 55661 | DC56: =SUMIF($B$3:$CK$3,DC$4,$B56:$CK56) -> 49277 | DD56: =SUMIF($B$3:$CK$3,DD$4,$B56:$CK56) -> 46806 | DE56: =SUMIF($B$3:$CK$3,DE$4,$B56:$CK56) -> 51855 | DF56: =SUMIF($B$3:$CK$3,DF$4,$B56:$CK56) -> 74132 | DG56: =SUMIF($B$3:$CK$3,DG$4,$B56:$CK56) -> 7755 | DH56: =SUMIF($B$3:$CK$3,DH$4,$B56:$CK56) -> 19721 | DI56: =SUMIF($B$3:$CK$3,DI$4,$B56:$CK56) -> 37658 | ... EC56: =SUMIF($B$3:$CK$3,EC$4,$B56:$CK56) -> 42207 | EE56: =SUMIF($B$2:$CK$2,EE$4,$B56:$CK56) -> 222070 | EF56: =SUMIF($B$2:$CK$2,EF$4,$B56:$CK56) -> 117018 | EG56: =SUMIF($B$2:$CK$2,EG$4,$B56:$CK56) -> 167999 | EH56: =SUMIF($B$2:$CK$2,EH$4,$B56:$CK56) -> 195035 | EI56: =SUMIF($B$2:$CK$2,EI$4,$B56:$CK56) -> 173170 | EJ56: =SUMIF($B$2:$CK$2,EJ$4,$B56:$CK56) -> 153527 | EK56: =SUMIF($B$2:$CK$2,EK$4,$B56:$CK56) -> 146686.74
A57: MHCV | B57: =CV!C40 -> 16957 | C57: =CV!D40 -> 16231 | D57: =CV!E40 -> 18214 | E57: =CV!F40 -> 16389 | F57: =CV!G40 -> 14559 | G57: =CV!H40 -> 11695 | H57: =CV!I40 -> 12105 | I57: =CV!J40 -> 10814 | ... CC57: =CV!CD40 -> 11575 | CD57: =CV!CF40 -> 15948 | CE57: =CV!CG40 -> 16996 | CF57: =CV!CG40 -> 16996 | CG57: =CV!CH40 -> 15456 | CH57: =CV!CI40 -> 18828 | CI57: =CV!CJ40 -> 19491.783 | CL57: =SUMIFS($C57:$CK57,$C$3:$CK$3,CL$4,$C$1:$CK$1,"<="&_xlfn.XLOOKUP(MAX($C$4:$CK$4),$C$4:$CK$4,$C$1:$CK$1)) -> 38319.783 | CM57: =SUMIF($A$3:$CK$3,CM$4,$A57:$CK57) -> 49448 | CN57: =SUMIF($A$3:$CK$3,CN$4,$A57:$CK57) -> 45355 | CP57: =CL57/SUMIFS($C57:$CK57,$C$3:$CK$3,CM$4,$C$1:$CK$1,"<="&_xlfn.XLOOKUP(MAX($C$4:$CK$4),$C$4:$CK$4,$C$1:$CK$1))-1 -> 0.12731768 | CQ57: =CL57/SUMIFS($C57:$CK57,$C$3:$CK$3,CN$4,$C$1:$CK$1,"<="&_xlfn.XLOOKUP(MAX($C$4:$CK$4),$C$4:$CK$4,$C$1:$CK$1))-1 -> 0.29445606 | DB57: =SUMIF($B$3:$CK$3,DB$4,$B57:$CK57) -> 51402 | DC57: =SUMIF($B$3:$CK$3,DC$4,$B57:$CK57) -> 42643 | DD57: =SUMIF($B$3:$CK$3,DD$4,$B57:$CK57) -> 33513 | DE57: =SUMIF($B$3:$CK$3,DE$4,$B57:$CK57) -> 31898 | DF57: =SUMIF($B$3:$CK$3,DF$4,$B57:$CK57) -> 49567 | DG57: =SUMIF($B$3:$CK$3,DG$4,$B57:$CK57) -> 3868 | DH57: =SUMIF($B$3:$CK$3,DH$4,$B57:$CK57) -> 5066 | DI57: =SUMIF($B$3:$CK$3,DI$4,$B57:$CK57) -> 17304 | ... EC57: =SUMIF($B$3:$CK$3,EC$4,$B57:$CK57) -> 49448 | EE57: =SUMIF($B$2:$CK$2,EE$4,$B57:$CK57) -> 157621 | EF57: =SUMIF($B$2:$CK$2,EF$4,$B57:$CK57) -> 59169 | EG57: =SUMIF($B$2:$CK$2,EG$4,$B57:$CK57) -> 118433 | EH57: =SUMIF($B$2:$CK$2,EH$4,$B57:$CK57) -> 165461 | EI57: =SUMIF($B$2:$CK$2,EI$4,$B57:$CK57) -> 173832 | EJ57: =SUMIF($B$2:$CK$2,EJ$4,$B57:$CK57) -> 167851 | EK57: =SUMIF($B$2:$CK$2,EK$4,$B57:$CK57) -> 169238.78
A58: Tata Motors | B58: =SUM(B55:B57) -> 56522 | C58: =SUM(C55:C57) -> 49486 | D58: =SUM(D55:D57) -> 53246 | E58: =SUM(E55:E57) -> 51551 | F58: =SUM(F55:F57) -> 47512 | G58: =SUM(G55:G57) -> 39399 | H58: =SUM(H55:H57) -> 40806 | I58: =SUM(I55:I57) -> 37342 | ... CI58: =SUM(CI55:CI57) -> 84859.043 | CL58: =SUM(CL55:CL57) -> 184009.04 | CM58: =SUM(CM55:CM57) -> 272967 | CN58: =SUM(CN55:CN57) -> 227224 | CP58: =CL58/SUMIFS($C58:$CK58,$C$3:$CK$3,CM$4,$C$1:$CK$1,"<="&_xlfn.XLOOKUP(MAX($C$4:$CK$4),$C$4:$CK$4,$C$1:$CK$1))-1 -> -0.043567301 | CQ58: =CL58/SUMIFS($C58:$CK58,$C$3:$CK$3,CN$4,$C$1:$CK$1,"<="&_xlfn.XLOOKUP(MAX($C$4:$CK$4),$C$4:$CK$4,$C$1:$CK$1))-1 -> 0.2312827 | DB58: =SUMIF($B$3:$CK$3,DB$4,$B58:$CK58) -> 159254 | DC58: =SUMIF($B$3:$CK$3,DC$4,$B58:$CK58) -> 138462 | DD58: =SUMIF($B$3:$CK$3,DD$4,$B58:$CK58) -> 113862 | DE58: =SUMIF($B$3:$CK$3,DE$4,$B58:$CK58) -> 122688 | DF58: =SUMIF($B$3:$CK$3,DF$4,$B58:$CK58) -> 170914 | DG58: =SUMIF($B$3:$CK$3,DG$4,$B58:$CK58) -> 25223 | DH58: =SUMIF($B$3:$CK$3,DH$4,$B58:$CK58) -> 71129 | DI58: =SUMIF($B$3:$CK$3,DI$4,$B58:$CK58) -> 120178 | ... EC58: =SUMIF($B$3:$CK$3,EC$4,$B58:$CK58) -> 272967 | EE58: =SUMIF($B$2:$CK$2,EE$4,$B58:$CK58) -> 545926 | EF58: =SUMIF($B$2:$CK$2,EF$4,$B58:$CK58) -> 375918 | EG58: =SUMIF($B$2:$CK$2,EG$4,$B58:$CK58) -> 616341 | EH58: =SUMIF($B$2:$CK$2,EH$4,$B58:$CK58) -> 841441 | EI58: =SUMIF($B$2:$CK$2,EI$4,$B58:$CK58) -> 877298 | EJ58: =SUMIF($B$2:$CK$2,EJ$4,$B58:$CK58) -> 844948 | EK58: =SUMIF($B$2:$CK$2,EK$4,$B58:$CK58) -> 846331.04
A60: LCV | B60: =CV!C33 -> 4118 | C60: =CV!D33 -> 4018 | D60: =CV!E33 -> 4144 | E60: =CV!F33 -> 3658 | F60: =CV!G33 -> 3667 | G60: =CV!H33 -> 3383 | H60: =CV!I33 -> 3768 | I60: =CV!J33 -> 3148 | ... CC60: =CV!CD33 -> 4881 | CD60: =CV!CF33 -> 7375 | CE60: =CV!CG33 -> 5730 | CF60: =CV!CG33 -> 5730 | CG60: =CV!CH33 -> 5283 | CH60: =CV!CI33 -> 7058 | CI60: =CV!CJ33 -> 5821.4348 | CL60: =SUMIFS($C60:$CK60,$C$3:$CK$3,CL$4,$C$1:$CK$1,"<="&_xlfn.XLOOKUP(MAX($C$4:$CK$4),$C$4:$CK$4,$C$1:$CK$1)) -> 12879.435 | CM60: =SUMIF($A$3:$CK$3,CM$4,$A60:$CK60) -> 16743 | CN60: =SUMIF($A$3:$CK$3,CN$4,$A60:$CK60) -> 15740 | CP60: =CL60/SUMIFS($C60:$CK60,$C$3:$CK$3,CM$4,$C$1:$CK$1,"<="&_xlfn.XLOOKUP(MAX($C$4:$CK$4),$C$4:$CK$4,$C$1:$CK$1))-1 -> 0.12385993 | CQ60: =CL60/SUMIFS($C60:$CK60,$C$3:$CK$3,CN$4,$C$1:$CK$1,"<="&_xlfn.XLOOKUP(MAX($C$4:$CK$4),$C$4:$CK$4,$C$1:$CK$1))-1 -> 0.26517041 | DB60: =SUMIF($B$3:$CK$3,DB$4,$B60:$CK60) -> 12280 | DC60: =SUMIF($B$3:$CK$3,DC$4,$B60:$CK60) -> 10708 | DD60: =SUMIF($B$3:$CK$3,DD$4,$B60:$CK60) -> 10052 | DE60: =SUMIF($B$3:$CK$3,DE$4,$B60:$CK60) -> 10845 | DF60: =SUMIF($B$3:$CK$3,DF$4,$B60:$CK60) -> 13360 | DG60: =SUMIF($B$3:$CK$3,DG$4,$B60:$CK60) -> 1965 | DH60: =SUMIF($B$3:$CK$3,DH$4,$B60:$CK60) -> 7328 | DI60: =SUMIF($B$3:$CK$3,DI$4,$B60:$CK60) -> 11280 | ... EC60: =SUMIF($B$3:$CK$3,EC$4,$B60:$CK60) -> 16743 | EE60: =SUMIF($B$2:$CK$2,EE$4,$B60:$CK60) -> 44965 | EF60: =SUMIF($B$2:$CK$2,EF$4,$B60:$CK60) -> 35287 | EG60: =SUMIF($B$2:$CK$2,EG$4,$B60:$CK60) -> 43198 | EH60: =SUMIF($B$2:$CK$2,EH$4,$B60:$CK60) -> 54338 | EI60: =SUMIF($B$2:$CK$2,EI$4,$B60:$CK60) -> 56398 | EJ60: =SUMIF($B$2:$CK$2,EJ$4,$B60:$CK60) -> 56600 | EK60: =SUMIF($B$2:$CK$2,EK$4,$B60:$CK60) -> 60583.435
A61: MHCV | B61: =CV!C38 -> 10919 | C61: =CV!D38 -> 11435 | D61: =CV!E38 -> 12477 | E61: =CV!F38 -> 11463 | F61: =CV!G38 -> 10145 | G61: =CV!H38 -> 7990 | H61: =CV!I38 -> 8467 | I61: =CV!J38 -> 7188 | ... CC61: =CV!CD38 -> 9184 | CD61: =CV!CF38 -> 9036 | CE61: =CV!CG38 -> 9456 | CF61: =CV!CG38 -> 9456 | CG61: =CV!CH38 -> 9525 | CH61: =CV!CI38 -> 11770 | CI61: =CV!CJ38 -> 12058.957 | CL61: =SUMIFS($C61:$CK61,$C$3:$CK$3,CL$4,$C$1:$CK$1,"<="&_xlfn.XLOOKUP(MAX($C$4:$CK$4),$C$4:$CK$4,$C$1:$CK$1)) -> 23828.957 | CM61: =SUMIF($A$3:$CK$3,CM$4,$A61:$CK61) -> 28437 | CN61: =SUMIF($A$3:$CK$3,CN$4,$A61:$CK61) -> 30475 | CP61: =CL61/SUMIFS($C61:$CK61,$C$3:$CK$3,CM$4,$C$1:$CK$1,"<="&_xlfn.XLOOKUP(MAX($C$4:$CK$4),$C$4:$CK$4,$C$1:$CK$1))-1 -> 0.25999136 | CQ61: =CL61/SUMIFS($C61:$CK61,$C$3:$CK$3,CN$4,$C$1:$CK$1,"<="&_xlfn.XLOOKUP(MAX($C$4:$CK$4),$C$4:$CK$4,$C$1:$CK$1))-1 -> 0.2023289 | DB61: =SUMIF($B$3:$CK$3,DB$4,$B61:$CK61) -> 34831 | DC61: =SUMIF($B$3:$CK$3,DC$4,$B61:$CK61) -> 29598 | DD61: =SUMIF($B$3:$CK$3,DD$4,$B61:$CK61) -> 21966 | DE61: =SUMIF($B$3:$CK$3,DE$4,$B61:$CK61) -> 19192 | DF61: =SUMIF($B$3:$CK$3,DF$4,$B61:$CK61) -> 27732 | DG61: =SUMIF($B$3:$CK$3,DG$4,$B61:$CK61) -> 1704 | DH61: =SUMIF($B$3:$CK$3,DH$4,$B61:$CK61) -> 2734 | DI61: =SUMIF($B$3:$CK$3,DI$4,$B61:$CK61) -> 8694 | ... EC61: =SUMIF($B$3:$CK$3,EC$4,$B61:$CK61) -> 28437 | EE61: =SUMIF($B$2:$CK$2,EE$4,$B61:$CK61) -> 98488 | EF61: =SUMIF($B$2:$CK$2,EF$4,$B61:$CK61) -> 29254 | EG61: =SUMIF($B$2:$CK$2,EG$4,$B61:$CK61) -> 57842 | EH61: =SUMIF($B$2:$CK$2,EH$4,$B61:$CK61) -> 99078 | EI61: =SUMIF($B$2:$CK$2,EI$4,$B61:$CK61) -> 110184 | EJ61: =SUMIF($B$2:$CK$2,EJ$4,$B61:$CK61) -> 108832 | EK61: =SUMIF($B$2:$CK$2,EK$4,$B61:$CK61) -> 107824.96
A62: Ashok Leyland | B62: =SUM(B60:B61) -> 15037 | C62: =SUM(C60:C61) -> 15453 | D62: =SUM(D60:D61) -> 16621 | E62: =SUM(E60:E61) -> 15121 | F62: =SUM(F60:F61) -> 13812 | G62: =SUM(G60:G61) -> 11373 | H62: =SUM(H60:H61) -> 12235 | I62: =SUM(I60:I61) -> 10336 | ... CI62: =SUM(CI60:CI61) -> 17880.391 | CL62: =SUM(CL60:CL61) -> 36708.391 | CM62: =SUM(CM60:CM61) -> 45180 | CN62: =SUM(CN60:CN61) -> 46215 | CP62: =CL62/SUMIFS($C62:$CK62,$C$3:$CK$3,CM$4,$C$1:$CK$1,"<="&_xlfn.XLOOKUP(MAX($C$4:$CK$4),$C$4:$CK$4,$C$1:$CK$1))-1 -> 0.20862608 | CQ62: =CL62/SUMIFS($C62:$CK62,$C$3:$CK$3,CN$4,$C$1:$CK$1,"<="&_xlfn.XLOOKUP(MAX($C$4:$CK$4),$C$4:$CK$4,$C$1:$CK$1))-1 -> 0.22365383 | DB62: =SUMIF($B$3:$CK$3,DB$4,$B62:$CK62) -> 47111 | DC62: =SUMIF($B$3:$CK$3,DC$4,$B62:$CK62) -> 40306 | DD62: =SUMIF($B$3:$CK$3,DD$4,$B62:$CK62) -> 32018 | DE62: =SUMIF($B$3:$CK$3,DE$4,$B62:$CK62) -> 30037 | DF62: =SUMIF($B$3:$CK$3,DF$4,$B62:$CK62) -> 41092 | DG62: =SUMIF($B$3:$CK$3,DG$4,$B62:$CK62) -> 3669 | DH62: =SUMIF($B$3:$CK$3,DH$4,$B62:$CK62) -> 10062 | DI62: =SUMIF($B$3:$CK$3,DI$4,$B62:$CK62) -> 19974 | ... EC62: =SUMIF($B$3:$CK$3,EC$4,$B62:$CK62) -> 45180 | EE62: =SUMIF($B$2:$CK$2,EE$4,$B62:$CK62) -> 143453 | EF62: =SUMIF($B$2:$CK$2,EF$4,$B62:$CK62) -> 64541 | EG62: =SUMIF($B$2:$CK$2,EG$4,$B62:$CK62) -> 101040 | EH62: =SUMIF($B$2:$CK$2,EH$4,$B62:$CK62) -> 153416 | EI62: =SUMIF($B$2:$CK$2,EI$4,$B62:$CK62) -> 166582 | EJ62: =SUMIF($B$2:$CK$2,EJ$4,$B62:$CK62) -> 165432 | EK62: =SUMIF($B$2:$CK$2,EK$4,$B62:$CK62) -> 168408.39
A64: Hero MotoCorp | B64: =B147 -> 551787 | C64: =C147 -> 502776 | D64: =D147 -> 583526 | E64: =E147 -> 582194 | F64: =F147 -> 637299 | G64: =G147 -> 588467 | H64: =H147 -> 573517 | I64: =I147 -> 479317 | ... CI64: =CI147 -> 456868.52 | CL64: =SUMIFS($C64:$CK64,$C$3:$CK$3,CL$4,$C$1:$CK$1,"<="&_xlfn.XLOOKUP(MAX($C$4:$CK$4),$C$4:$CK$4,$C$1:$CK$1)) -> 949857.52 | CM64: =SUMIF($A$3:$CK$3,CM$4,$A64:$CK64) -> 2177563 | CN64: =SUMIF($A$3:$CK$3,CN$4,$A64:$CK64) -> 1236437 | CP64: =CL64/SUMIFS($C64:$CK64,$C$3:$CK$3,CM$4,$C$1:$CK$1,"<="&_xlfn.XLOOKUP(MAX($C$4:$CK$4),$C$4:$CK$4,$C$1:$CK$1))-1 -> -0.49616095 | CQ64: =CL64/SUMIFS($C64:$CK64,$C$3:$CK$3,CN$4,$C$1:$CK$1,"<="&_xlfn.XLOOKUP(MAX($C$4:$CK$4),$C$4:$CK$4,$C$1:$CK$1))-1 -> 0.18877667 | DB64: =SUMIF($B$3:$CK$3,DB$4,$B64:$CK64) -> 1638089 | DC64: =SUMIF($B$3:$CK$3,DC$4,$B64:$CK64) -> 1807960 | DD64: =SUMIF($B$3:$CK$3,DD$4,$B64:$CK64) -> 1479343 | DE64: =SUMIF($B$3:$CK$3,DE$4,$B64:$CK64) -> 1894100 | DF64: =SUMIF($B$3:$CK$3,DF$4,$B64:$CK64) -> 1994174 | DG64: =SUMIF($B$3:$CK$3,DG$4,$B64:$CK64) -> 597653 | DH64: =SUMIF($B$3:$CK$3,DH$4,$B64:$CK64) -> 1211008 | DI64: =SUMIF($B$3:$CK$3,DI$4,$B64:$CK64) -> 1643104 | ... EC64: =SUMIF($B$3:$CK$3,EC$4,$B64:$CK64) -> 2177563 | EE64: =SUMIF($B$2:$CK$2,EE$4,$B64:$CK64) -> 7175577 | EF64: =SUMIF($B$2:$CK$2,EF$4,$B64:$CK64) -> 4763269 | EG64: =SUMIF($B$2:$CK$2,EG$4,$B64:$CK64) -> 4638603 | EH64: =SUMIF($B$2:$CK$2,EH$4,$B64:$CK64) -> 5141867 | EI64: =SUMIF($B$2:$CK$2,EI$4,$B64:$CK64) -> 5410601 | EJ64: =SUMIF($B$2:$CK$2,EJ$4,$B64:$CK64) -> 5451017 | EK64: =SUMIF($B$2:$CK$2,EK$4,$B64:$CK64) -> 5543414.5
A66: Royal Enfield | B66: =B150 -> 58988 | C66: =C150 -> 56302 | D66: =D150 -> 59417 | E66: =E150 -> 53309 | F66: =F150 -> 55980 | G66: =G150 -> 50881 | H66: =H150 -> 52879 | I66: =I150 -> 50255 | ... CI66: =CI150 -> 91657.652 | CL66: =SUMIFS($C66:$CK66,$C$3:$CK$3,CL$4,$C$1:$CK$1,"<="&_xlfn.XLOOKUP(MAX($C$4:$CK$4),$C$4:$CK$4,$C$1:$CK$1)) -> 199360.65 | CM66: =SUMIF($A$3:$CK$3,CM$4,$A66:$CK66) -> 351770 | CN66: =SUMIF($A$3:$CK$3,CN$4,$A66:$CK66) -> 228130 | CP66: =CL66/SUMIFS($C66:$CK66,$C$3:$CK$3,CM$4,$C$1:$CK$1,"<="&_xlfn.XLOOKUP(MAX($C$4:$CK$4),$C$4:$CK$4,$C$1:$CK$1))-1 -> -0.25686842 | CQ66: =CL66/SUMIFS($C66:$CK66,$C$3:$CK$3,CN$4,$C$1:$CK$1,"<="&_xlfn.XLOOKUP(MAX($C$4:$CK$4),$C$4:$CK$4,$C$1:$CK$1))-1 -> 0.32338048 | DB66: =SUMIF($B$3:$CK$3,DB$4,$B66:$CK66) -> 174707 | DC66: =SUMIF($B$3:$CK$3,DC$4,$B66:$CK66) -> 160170 | DD66: =SUMIF($B$3:$CK$3,DD$4,$B66:$CK66) -> 154253 | DE66: =SUMIF($B$3:$CK$3,DE$4,$B66:$CK66) -> 179300 | DF66: =SUMIF($B$3:$CK$3,DF$4,$B66:$CK66) -> 172191 | DG66: =SUMIF($B$3:$CK$3,DG$4,$B66:$CK66) -> 51769 | DH66: =SUMIF($B$3:$CK$3,DH$4,$B66:$CK66) -> 118573 | DI66: =SUMIF($B$3:$CK$3,DI$4,$B66:$CK66) -> 155150 | ... EC66: =SUMIF($B$3:$CK$3,EC$4,$B66:$CK66) -> 351770 | EE66: =SUMIF($B$2:$CK$2,EE$4,$B66:$CK66) -> 665914 | EF66: =SUMIF($B$2:$CK$2,EF$4,$B66:$CK66) -> 502426 | EG66: =SUMIF($B$2:$CK$2,EG$4,$B66:$CK66) -> 473981 | EH66: =SUMIF($B$2:$CK$2,EH$4,$B66:$CK66) -> 697987 | EI66: =SUMIF($B$2:$CK$2,EI$4,$B66:$CK66) -> 782670 | EJ66: =SUMIF($B$2:$CK$2,EJ$4,$B66:$CK66) -> 843547 | EK66: =SUMIF($B$2:$CK$2,EK$4,$B66:$CK66) -> 1007838.7
A68: 2Ws | B68: =B146 -> 182344 | C68: =C146 -> 170663 | D68: =D146 -> 184816 | E68: =E146 -> 177167 | F68: =F146 -> 187624 | G68: =G146 -> 177968 | H68: =H146 -> 195977 | I68: =I146 -> 178074 | ... CI68: =CI146 -> 178215.09 | CL68: =SUMIFS($C68:$CK68,$C$3:$CK$3,CL$4,$C$1:$CK$1,"<="&_xlfn.XLOOKUP(MAX($C$4:$CK$4),$C$4:$CK$4,$C$1:$CK$1)) -> 374358.09 | CM68: =SUMIF($A$3:$CK$3,CM$4,$A68:$CK68) -> 722790 | CN68: =SUMIF($A$3:$CK$3,CN$4,$A68:$CK68) -> 500436 | CP68: =CL68/SUMIFS($C68:$CK68,$C$3:$CK$3,CM$4,$C$1:$CK$1,"<="&_xlfn.XLOOKUP(MAX($C$4:$CK$4),$C$4:$CK$4,$C$1:$CK$1))-1 -> -0.35932913 | CQ68: =CL68/SUMIFS($C68:$CK68,$C$3:$CK$3,CN$4,$C$1:$CK$1,"<="&_xlfn.XLOOKUP(MAX($C$4:$CK$4),$C$4:$CK$4,$C$1:$CK$1))-1 -> 0.1392759 | DB68: =SUMIF($B$3:$CK$3,DB$4,$B68:$CK68) -> 537823 | DC68: =SUMIF($B$3:$CK$3,DC$4,$B68:$CK68) -> 542759 | DD68: =SUMIF($B$3:$CK$3,DD$4,$B68:$CK68) -> 545663 | DE68: =SUMIF($B$3:$CK$3,DE$4,$B68:$CK68) -> 634588 | DF68: =SUMIF($B$3:$CK$3,DF$4,$B68:$CK68) -> 610351 | DG68: =SUMIF($B$3:$CK$3,DG$4,$B68:$CK68) -> 174740 | DH68: =SUMIF($B$3:$CK$3,DH$4,$B68:$CK68) -> 379735 | DI68: =SUMIF($B$3:$CK$3,DI$4,$B68:$CK68) -> 518544 | ... EC68: =SUMIF($B$3:$CK$3,EC$4,$B68:$CK68) -> 722790 | EE68: =SUMIF($B$2:$CK$2,EE$4,$B68:$CK68) -> 2333361 | EF68: =SUMIF($B$2:$CK$2,EF$4,$B68:$CK68) -> 1536912 | EG68: =SUMIF($B$2:$CK$2,EG$4,$B68:$CK68) -> 1650319 | EH68: =SUMIF($B$2:$CK$2,EH$4,$B68:$CK68) -> 1702813 | EI68: =SUMIF($B$2:$CK$2,EI$4,$B68:$CK68) -> 2108709 | EJ68: =SUMIF($B$2:$CK$2,EJ$4,$B68:$CK68) -> 2154540 | EK68: =SUMIF($B$2:$CK$2,EK$4,$B68:$CK68) -> 2029679.1
A69: 3Ws | B69: =B195 -> 28270 | C69: =C195 -> 29420 | D69: =D195 -> 30872 | E69: =E195 -> 26793 | F69: =F195 -> 27971 | G69: =G195 -> 26137 | H69: =H195 -> 31492 | I69: =I195 -> 29237 | ... CI69: =CI195 -> 42855.696 | CL69: =SUMIFS($C69:$CK69,$C$3:$CK$3,CL$4,$C$1:$CK$1,"<="&_xlfn.XLOOKUP(MAX($C$4:$CK$4),$C$4:$CK$4,$C$1:$CK$1)) -> 87599.696 | CM69: =SUMIF($A$3:$CK$3,CM$4,$A69:$CK69) -> 130084 | CN69: =SUMIF($A$3:$CK$3,CN$4,$A69:$CK69) -> 107884 | CP69: =CL69/SUMIFS($C69:$CK69,$C$3:$CK$3,CM$4,$C$1:$CK$1,"<="&_xlfn.XLOOKUP(MAX($C$4:$CK$4),$C$4:$CK$4,$C$1:$CK$1))-1 -> -0.078470259 | CQ69: =CL69/SUMIFS($C69:$CK69,$C$3:$CK$3,CN$4,$C$1:$CK$1,"<="&_xlfn.XLOOKUP(MAX($C$4:$CK$4),$C$4:$CK$4,$C$1:$CK$1))-1 -> 0.18251725 | DB69: =SUMIF($B$3:$CK$3,DB$4,$B69:$CK69) -> 88562 | DC69: =SUMIF($B$3:$CK$3,DC$4,$B69:$CK69) -> 80901 | DD69: =SUMIF($B$3:$CK$3,DD$4,$B69:$CK69) -> 89066 | DE69: =SUMIF($B$3:$CK$3,DE$4,$B69:$CK69) -> 95769 | DF69: =SUMIF($B$3:$CK$3,DF$4,$B69:$CK69) -> 90222 | DG69: =SUMIF($B$3:$CK$3,DG$4,$B69:$CK69) -> 10116 | DH69: =SUMIF($B$3:$CK$3,DH$4,$B69:$CK69) -> 23559 | DI69: =SUMIF($B$3:$CK$3,DI$4,$B69:$CK69) -> 31485 | ... EC69: =SUMIF($B$3:$CK$3,EC$4,$B69:$CK69) -> 130084 | EE69: =SUMIF($B$2:$CK$2,EE$4,$B69:$CK69) -> 355958 | EF69: =SUMIF($B$2:$CK$2,EF$4,$B69:$CK69) -> 106819 | EG69: =SUMIF($B$2:$CK$2,EG$4,$B69:$CK69) -> 147828 | EH69: =SUMIF($B$2:$CK$2,EH$4,$B69:$CK69) -> 262240 | EI69: =SUMIF($B$2:$CK$2,EI$4,$B69:$CK69) -> 419395 | EJ69: =SUMIF($B$2:$CK$2,EJ$4,$B69:$CK69) -> 437237 | EK69: =SUMIF($B$2:$CK$2,EK$4,$B69:$CK69) -> 429420.7
A70: Bajaj Auto | B70: =SUM(B68:B69) -> 210614 | C70: =SUM(C68:C69) -> 200083 | D70: =SUM(D68:D69) -> 215688 | E70: =SUM(E68:E69) -> 203960 | F70: =SUM(F68:F69) -> 215595 | G70: =SUM(G68:G69) -> 204105 | H70: =SUM(H68:H69) -> 227469 | I70: =SUM(I68:I69) -> 207311 | ... CI70: =SUM(CI68:CI69) -> 221070.78 | CL70: =SUM(CL68:CL69) -> 461957.78 | CM70: =SUM(CM68:CM69) -> 852874 | CN70: =SUM(CN68:CN69) -> 608320 | CP70: =CL70/SUMIFS($C70:$CK70,$C$3:$CK$3,CM$4,$C$1:$CK$1,"<="&_xlfn.XLOOKUP(MAX($C$4:$CK$4),$C$4:$CK$4,$C$1:$CK$1))-1 -> -0.32003135 | CQ70: =CL70/SUMIFS($C70:$CK70,$C$3:$CK$3,CN$4,$C$1:$CK$1,"<="&_xlfn.XLOOKUP(MAX($C$4:$CK$4),$C$4:$CK$4,$C$1:$CK$1))-1 -> 0.14723095 | DB70: =SUMIF($B$3:$CK$3,DB$4,$B70:$CK70) -> 626385 | DC70: =SUMIF($B$3:$CK$3,DC$4,$B70:$CK70) -> 623660 | DD70: =SUMIF($B$3:$CK$3,DD$4,$B70:$CK70) -> 634729 | DE70: =SUMIF($B$3:$CK$3,DE$4,$B70:$CK70) -> 730357 | DF70: =SUMIF($B$3:$CK$3,DF$4,$B70:$CK70) -> 700573 | DG70: =SUMIF($B$3:$CK$3,DG$4,$B70:$CK70) -> 184856 | DH70: =SUMIF($B$3:$CK$3,DH$4,$B70:$CK70) -> 403294 | DI70: =SUMIF($B$3:$CK$3,DI$4,$B70:$CK70) -> 550029 | ... EC70: =SUMIF($B$3:$CK$3,EC$4,$B70:$CK70) -> 852874 | EE70: =SUMIF($B$2:$CK$2,EE$4,$B70:$CK70) -> 2689319 | EF70: =SUMIF($B$2:$CK$2,EF$4,$B70:$CK70) -> 1643731 | EG70: =SUMIF($B$2:$CK$2,EG$4,$B70:$CK70) -> 1798147 | EH70: =SUMIF($B$2:$CK$2,EH$4,$B70:$CK70) -> 1965053 | EI70: =SUMIF($B$2:$CK$2,EI$4,$B70:$CK70) -> 2528104 | EJ70: =SUMIF($B$2:$CK$2,EJ$4,$B70:$CK70) -> 2591777 | EK70: =SUMIF($B$2:$CK$2,EK$4,$B70:$CK70) -> 2459099.8
A72: 2Ws | B72: =B152 -> 247106 | C72: =C152 -> 224936 | D72: =D152 -> 236543 | E72: =E152 -> 218583 | F72: =F152 -> 225632 | G72: =G152 -> 211824 | H72: =H152 -> 238345 | I72: =I152 -> 212578 | ... CI72: =CI152 -> 343325.96 | CL72: =SUMIFS($C72:$CK72,$C$3:$CK$3,CL$4,$C$1:$CK$1,"<="&_xlfn.XLOOKUP(MAX($C$4:$CK$4),$C$4:$CK$4,$C$1:$CK$1)) -> 710581.96 | CM72: =SUMIF($A$3:$CK$3,CM$4,$A72:$CK72) -> 1279658 | CN72: =SUMIF($A$3:$CK$3,CN$4,$A72:$CK72) -> 828256 | CP72: =CL72/SUMIFS($C72:$CK72,$C$3:$CK$3,CM$4,$C$1:$CK$1,"<="&_xlfn.XLOOKUP(MAX($C$4:$CK$4),$C$4:$CK$4,$C$1:$CK$1))-1 -> -0.29648346 | CQ72: =CL72/SUMIFS($C72:$CK72,$C$3:$CK$3,CN$4,$C$1:$CK$1,"<="&_xlfn.XLOOKUP(MAX($C$4:$CK$4),$C$4:$CK$4,$C$1:$CK$1))-1 -> 0.29994412 | DB72: =SUMIF($B$3:$CK$3,DB$4,$B72:$CK72) -> 708585 | DC72: =SUMIF($B$3:$CK$3,DC$4,$B72:$CK72) -> 656039 | DD72: =SUMIF($B$3:$CK$3,DD$4,$B72:$CK72) -> 640184 | DE72: =SUMIF($B$3:$CK$3,DE$4,$B72:$CK72) -> 689652 | DF72: =SUMIF($B$3:$CK$3,DF$4,$B72:$CK72) -> 700851 | DG72: =SUMIF($B$3:$CK$3,DG$4,$B72:$CK72) -> 229492 | DH72: =SUMIF($B$3:$CK$3,DH$4,$B72:$CK72) -> 481251 | DI72: =SUMIF($B$3:$CK$3,DI$4,$B72:$CK72) -> 636634 | ... EC72: =SUMIF($B$3:$CK$3,EC$4,$B72:$CK72) -> 1279658 | EE72: =SUMIF($B$2:$CK$2,EE$4,$B72:$CK72) -> 2686726 | EF72: =SUMIF($B$2:$CK$2,EF$4,$B72:$CK72) -> 1933298 | EG72: =SUMIF($B$2:$CK$2,EG$4,$B72:$CK72) -> 2003341 | EH72: =SUMIF($B$2:$CK$2,EH$4,$B72:$CK72) -> 2494246 | EI72: =SUMIF($B$2:$CK$2,EI$4,$B72:$CK72) -> 2976695 | EJ72: =SUMIF($B$2:$CK$2,EJ$4,$B72:$CK72) -> 3314579 | EK72: =SUMIF($B$2:$CK$2,EK$4,$B72:$CK72) -> 3689373
A73: 3Ws | B73: =B198 -> 1200 | C73: =C198 -> 1288 | D73: =D198 -> 1249 | E73: =E198 -> 1104 | F73: =F198 -> 990 | G73: =G198 -> 827 | H73: =H198 -> 1044 | I73: =I198 -> 909 | ... CI73: =CI198 -> 4633.6957 | CL73: =SUMIFS($C73:$CK73,$C$3:$CK$3,CL$4,$C$1:$CK$1,"<="&_xlfn.XLOOKUP(MAX($C$4:$CK$4),$C$4:$CK$4,$C$1:$CK$1)) -> 10140.696 | CM73: =SUMIF($A$3:$CK$3,CM$4,$A73:$CK73) -> 15928 | CN73: =SUMIF($A$3:$CK$3,CN$4,$A73:$CK73) -> 8069 | CP73: =CL73/SUMIFS($C73:$CK73,$C$3:$CK$3,CM$4,$C$1:$CK$1,"<="&_xlfn.XLOOKUP(MAX($C$4:$CK$4),$C$4:$CK$4,$C$1:$CK$1))-1 -> -0.065890231 | CQ73: =CL73/SUMIFS($C73:$CK73,$C$3:$CK$3,CN$4,$C$1:$CK$1,"<="&_xlfn.XLOOKUP(MAX($C$4:$CK$4),$C$4:$CK$4,$C$1:$CK$1))-1 -> 0.97983125 | DB73: =SUMIF($B$3:$CK$3,DB$4,$B73:$CK73) -> 3737 | DC73: =SUMIF($B$3:$CK$3,DC$4,$B73:$CK73) -> 2921 | DD73: =SUMIF($B$3:$CK$3,DD$4,$B73:$CK73) -> 3054 | DE73: =SUMIF($B$3:$CK$3,DE$4,$B73:$CK73) -> 3174 | DF73: =SUMIF($B$3:$CK$3,DF$4,$B73:$CK73) -> 3717 | DG73: =SUMIF($B$3:$CK$3,DG$4,$B73:$CK73) -> 435 | DH73: =SUMIF($B$3:$CK$3,DH$4,$B73:$CK73) -> 1505 | DI73: =SUMIF($B$3:$CK$3,DI$4,$B73:$CK73) -> 2181 | ... EC73: =SUMIF($B$3:$CK$3,EC$4,$B73:$CK73) -> 15928 | EE73: =SUMIF($B$2:$CK$2,EE$4,$B73:$CK73) -> 12866 | EF73: =SUMIF($B$2:$CK$2,EF$4,$B73:$CK73) -> 6826 | EG73: =SUMIF($B$2:$CK$2,EG$4,$B73:$CK73) -> 7960 | EH73: =SUMIF($B$2:$CK$2,EH$4,$B73:$CK73) -> 14238 | EI73: =SUMIF($B$2:$CK$2,EI$4,$B73:$CK73) -> 18472 | EJ73: =SUMIF($B$2:$CK$2,EJ$4,$B73:$CK73) -> 25798 | EK73: =SUMIF($B$2:$CK$2,EK$4,$B73:$CK73) -> 49260.696
A74: TVS Motors | B74: =SUM(B72:B73) -> 248306 | C74: =SUM(C72:C73) -> 226224 | D74: =SUM(D72:D73) -> 237792 | E74: =SUM(E72:E73) -> 219687 | F74: =SUM(F72:F73) -> 226622 | G74: =SUM(G72:G73) -> 212651 | H74: =SUM(H72:H73) -> 239389 | I74: =SUM(I72:I73) -> 213487 | ... CI74: =SUM(CI72:CI73) -> 347959.65 | CL74: =SUM(CL72:CL73) -> 720722.65 | CM74: =SUM(CM72:CM73) -> 1295586 | CN74: =SUM(CN72:CN73) -> 836325 | CP74: =CL74/SUMIFS($C74:$CK74,$C$3:$CK$3,CM$4,$C$1:$CK$1,"<="&_xlfn.XLOOKUP(MAX($C$4:$CK$4),$C$4:$CK$4,$C$1:$CK$1))-1 -> -0.29403139 | CQ74: =CL74/SUMIFS($C74:$CK74,$C$3:$CK$3,CN$4,$C$1:$CK$1,"<="&_xlfn.XLOOKUP(MAX($C$4:$CK$4),$C$4:$CK$4,$C$1:$CK$1))-1 -> 0.30625568 | DB74: =SUMIF($B$3:$CK$3,DB$4,$B74:$CK74) -> 712322 | DC74: =SUMIF($B$3:$CK$3,DC$4,$B74:$CK74) -> 658960 | DD74: =SUMIF($B$3:$CK$3,DD$4,$B74:$CK74) -> 643238 | DE74: =SUMIF($B$3:$CK$3,DE$4,$B74:$CK74) -> 692826 | DF74: =SUMIF($B$3:$CK$3,DF$4,$B74:$CK74) -> 704568 | DG74: =SUMIF($B$3:$CK$3,DG$4,$B74:$CK74) -> 229927 | DH74: =SUMIF($B$3:$CK$3,DH$4,$B74:$CK74) -> 482756 | DI74: =SUMIF($B$3:$CK$3,DI$4,$B74:$CK74) -> 638815 | ... EC74: =SUMIF($B$3:$CK$3,EC$4,$B74:$CK74) -> 1295586 | EE74: =SUMIF($B$2:$CK$2,EE$4,$B74:$CK74) -> 2699592 | EF74: =SUMIF($B$2:$CK$2,EF$4,$B74:$CK74) -> 1940124 | EG74: =SUMIF($B$2:$CK$2,EG$4,$B74:$CK74) -> 2011301 | EH74: =SUMIF($B$2:$CK$2,EH$4,$B74:$CK74) -> 2508484 | EI74: =SUMIF($B$2:$CK$2,EI$4,$B74:$CK74) -> 2995167 | EJ74: =SUMIF($B$2:$CK$2,EJ$4,$B74:$CK74) -> 3340377 | EK74: =SUMIF($B$2:$CK$2,EK$4,$B74:$CK74) -> 3738633.7
A77: Passenger vehicles | B77: =B4 -> 43466 | C77: =C4 -> 43497 | D77: =D4 -> 43525 | E77: =E88 -> 43556 | F77: =F88 -> 43586 | G77: =G88 -> 43617 | H77: =H88 -> 43647 | I77: =I88 -> 43678 | J77: =J88 -> 43709 | K77: =K88 -> 43739 | L77: =L88 -> 43770 | ... CI77: =CI88 -> 46054 | CL77: =CL4 -> 4Q26 | CM77: =CM4 -> 3Q26 | CN77: =CN4 -> 4Q25 | CP77: =CP4 -> QoQ Change | CQ77: =CQ4 -> YoY Change
A78: Maruti | B78: =PV!C36 -> 159587 | C78: =PV!D36 -> 118284 | D78: =PV!E36 -> 127156 | E78: =PV!F36 -> 120832 | F78: =PV!G36 -> 123329 | G78: =PV!H36 -> 104852 | H78: =PV!I36 -> 104948 | I78: =PV!J36 -> 93963 | ... CI78: =PV!CJ36 -> 148873.39 | CL78: =SUMIFS($C78:$CK78,$C$3:$CK$3,CL$4,$C$1:$CK$1,"<="&_xlfn.XLOOKUP(MAX($C$4:$CK$4),$C$4:$CK$4,$C$1:$CK$1)) -> 366640.39 | CM78: =SUMIF($A$3:$CK$3,CM$4,$A78:$CK78) -> 552741 | CN78: =SUMIF($A$3:$CK$3,CN$4,$A78:$CK78) -> 468360 | CP78: =CL78/SUMIFS($C78:$CK78,$C$3:$CK$3,CM$4,$C$1:$CK$1,"<="&_xlfn.XLOOKUP(MAX($C$4:$CK$4),$C$4:$CK$4,$C$1:$CK$1))-1 -> -0.085589036 | CQ78: =CL78/SUMIFS($C78:$CK78,$C$3:$CK$3,CN$4,$C$1:$CK$1,"<="&_xlfn.XLOOKUP(MAX($C$4:$CK$4),$C$4:$CK$4,$C$1:$CK$1))-1 -> 0.09728221 | DB78: =SUMIF($B$3:$CK$3,DB$4,$B78:$CK78) -> 405027 | DC78: =SUMIF($B$3:$CK$3,DC$4,$B78:$CK78) -> 349013 | DD78: =SUMIF($B$3:$CK$3,DD$4,$B78:$CK78) -> 287494 | DE78: =SUMIF($B$3:$CK$3,DE$4,$B78:$CK78) -> 392510 | DF78: =SUMIF($B$3:$CK$3,DF$4,$B78:$CK78) -> 380834 | DG78: =SUMIF($B$3:$CK$3,DG$4,$B78:$CK78) -> 95809 | DH78: =SUMIF($B$3:$CK$3,DH$4,$B78:$CK78) -> 288743 | DI78: =SUMIF($B$3:$CK$3,DI$4,$B78:$CK78) -> 434388 | ... EC78: =SUMIF($B$3:$CK$3,EC$4,$B78:$CK78) -> 552741 | EE78: =SUMIF($B$2:$CK$2,EE$4,$B78:$CK78) -> 1409851 | EF78: =SUMIF($B$2:$CK$2,EF$4,$B78:$CK78) -> 1236632 | EG78: =SUMIF($B$2:$CK$2,EG$4,$B78:$CK78) -> 1242295 | EH78: =SUMIF($B$2:$CK$2,EH$4,$B78:$CK78) -> 1480871 | EI78: =SUMIF($B$2:$CK$2,EI$4,$B78:$CK78) -> 1604623 | EJ78: =SUMIF($B$2:$CK$2,EJ$4,$B78:$CK78) -> 1670504 | EK78: =SUMIF($B$2:$CK$2,EK$4,$B78:$CK78) -> 1684806.4
A79: Honda | B79: =PV!C37 -> 16722 | C79: =PV!D37 -> 12796 | D79: =PV!E37 -> 13981 | E79: =PV!F37 -> 14370 | F79: =PV!G37 -> 12947 | G79: =PV!H37 -> 10634 | H79: =PV!I37 -> 11503 | I79: =PV!J37 -> 9814 | ... CI79: =PV!CJ37 -> 4700.5217 | CL79: =SUMIFS($C79:$CK79,$C$3:$CK$3,CL$4,$C$1:$CK$1,"<="&_xlfn.XLOOKUP(MAX($C$4:$CK$4),$C$4:$CK$4,$C$1:$CK$1)) -> 10665.522 | CM79: =SUMIF($A$3:$CK$3,CM$4,$A79:$CK79) -> 18608 | CN79: =SUMIF($A$3:$CK$3,CN$4,$A79:$CK79) -> 18452 | CP79: =CL79/SUMIFS($C79:$CK79,$C$3:$CK$3,CM$4,$C$1:$CK$1,"<="&_xlfn.XLOOKUP(MAX($C$4:$CK$4),$C$4:$CK$4,$C$1:$CK$1))-1 -> -0.17379179 | CQ79: =CL79/SUMIFS($C79:$CK79,$C$3:$CK$3,CN$4,$C$1:$CK$1,"<="&_xlfn.XLOOKUP(MAX($C$4:$CK$4),$C$4:$CK$4,$C$1:$CK$1))-1 -> -0.19868357 | DB79: =SUMIF($B$3:$CK$3,DB$4,$B79:$CK79) -> 43499 | DC79: =SUMIF($B$3:$CK$3,DC$4,$B79:$CK79) -> 37951 | DD79: =SUMIF($B$3:$CK$3,DD$4,$B79:$CK79) -> 29483 | DE79: =SUMIF($B$3:$CK$3,DE$4,$B79:$CK79) -> 32503 | DF79: =SUMIF($B$3:$CK$3,DF$4,$B79:$CK79) -> 23282 | DG79: =SUMIF($B$3:$CK$3,DG$4,$B79:$CK79) -> 4304 | DH79: =SUMIF($B$3:$CK$3,DH$4,$B79:$CK79) -> 14985 | DI79: =SUMIF($B$3:$CK$3,DI$4,$B79:$CK79) -> 29645 | ... EC79: =SUMIF($B$3:$CK$3,EC$4,$B79:$CK79) -> 18608 | EE79: =SUMIF($B$2:$CK$2,EE$4,$B79:$CK79) -> 123219 | EF79: =SUMIF($B$2:$CK$2,EF$4,$B79:$CK79) -> 76676 | EG79: =SUMIF($B$2:$CK$2,EG$4,$B79:$CK79) -> 83429 | EH79: =SUMIF($B$2:$CK$2,EH$4,$B79:$CK79) -> 83210 | EI79: =SUMIF($B$2:$CK$2,EI$4,$B79:$CK79) -> 79587 | EJ79: =SUMIF($B$2:$CK$2,EJ$4,$B79:$CK79) -> 64704 | EK79: =SUMIF($B$2:$CK$2,EK$4,$B79:$CK79) -> 54915.522
A80: Hyundai | B80: =PV!C38 -> 54730 | C80: =PV!D38 -> 40556 | D80: =PV!E38 -> 38926 | E80: =PV!F38 -> 37939 | F80: =PV!G38 -> 40223 | G80: =PV!H38 -> 38787 | H80: =PV!I38 -> 42210 | I80: =PV!J38 -> 38903 | ... CI80: =PV!CJ38 -> 44578.043 | CL80: =SUMIFS($C80:$CK80,$C$3:$CK$3,CL$4,$C$1:$CK$1,"<="&_xlfn.XLOOKUP(MAX($C$4:$CK$4),$C$4:$CK$4,$C$1:$CK$1)) -> 111356.04 | CM80: =SUMIF($A$3:$CK$3,CM$4,$A80:$CK80) -> 167050 | CN80: =SUMIF($A$3:$CK$3,CN$4,$A80:$CK80) -> 144718 | CP80: =CL80/SUMIFS($C80:$CK80,$C$3:$CK$3,CM$4,$C$1:$CK$1,"<="&_xlfn.XLOOKUP(MAX($C$4:$CK$4),$C$4:$CK$4,$C$1:$CK$1))-1 -> -0.055824627 | CQ80: =CL80/SUMIFS($C80:$CK80,$C$3:$CK$3,CN$4,$C$1:$CK$1,"<="&_xlfn.XLOOKUP(MAX($C$4:$CK$4),$C$4:$CK$4,$C$1:$CK$1))-1 -> 0.10501864 | DB80: =SUMIF($B$3:$CK$3,DB$4,$B80:$CK80) -> 134212 | DC80: =SUMIF($B$3:$CK$3,DC$4,$B80:$CK80) -> 116949 | DD80: =SUMIF($B$3:$CK$3,DD$4,$B80:$CK80) -> 115109 | DE80: =SUMIF($B$3:$CK$3,DE$4,$B80:$CK80) -> 147748 | DF80: =SUMIF($B$3:$CK$3,DF$4,$B80:$CK80) -> 125001 | DG80: =SUMIF($B$3:$CK$3,DG$4,$B80:$CK80) -> 35702 | DH80: =SUMIF($B$3:$CK$3,DH$4,$B80:$CK80) -> 111372 | DI80: =SUMIF($B$3:$CK$3,DI$4,$B80:$CK80) -> 151938 | ... EC80: =SUMIF($B$3:$CK$3,EC$4,$B80:$CK80) -> 167050 | EE80: =SUMIF($B$2:$CK$2,EE$4,$B80:$CK80) -> 504807 | EF80: =SUMIF($B$2:$CK$2,EF$4,$B80:$CK80) -> 453023 | EG80: =SUMIF($B$2:$CK$2,EG$4,$B80:$CK80) -> 478673 | EH80: =SUMIF($B$2:$CK$2,EH$4,$B80:$CK80) -> 526452 | EI80: =SUMIF($B$2:$CK$2,EI$4,$B80:$CK80) -> 562176 | EJ80: =SUMIF($B$2:$CK$2,EJ$4,$B80:$CK80) -> 559528 | EK80: =SUMIF($B$2:$CK$2,EK$4,$B80:$CK80) -> 526485.04
A81: Kia | B81: =PV!C39 -> 0 | C81: =PV!D39 -> 0 | D81: =PV!E39 -> 0 | E81: =PV!F39 -> 0 | F81: =PV!G39 -> 0 | G81: =PV!H39 -> 1 | H81: =PV!I39 -> 0 | I81: =PV!J39 -> 159 | ... CI81: =PV!CJ39 -> 24608.391 | CL81: =SUMIFS($C81:$CK81,$C$3:$CK$3,CL$4,$C$1:$CK$1,"<="&_xlfn.XLOOKUP(MAX($C$4:$CK$4),$C$4:$CK$4,$C$1:$CK$1)) -> 55154.391 | CM81: =SUMIF($A$3:$CK$3,CM$4,$A81:$CK81) -> 79531 | CN81: =SUMIF($A$3:$CK$3,CN$4,$A81:$CK81) -> 65181 | CP81: =CL81/SUMIFS($C81:$CK81,$C$3:$CK$3,CM$4,$C$1:$CK$1,"<="&_xlfn.XLOOKUP(MAX($C$4:$CK$4),$C$4:$CK$4,$C$1:$CK$1))-1 -> -0.05841315 | CQ81: =CL81/SUMIFS($C81:$CK81,$C$3:$CK$3,CN$4,$C$1:$CK$1,"<="&_xlfn.XLOOKUP(MAX($C$4:$CK$4),$C$4:$CK$4,$C$1:$CK$1))-1 -> 0.30182433 | DB81: =SUMIF($B$3:$CK$3,DB$4,$B81:$CK81) -> 0 | DC81: =SUMIF($B$3:$CK$3,DC$4,$B81:$CK81) -> 1 | DD81: =SUMIF($B$3:$CK$3,DD$4,$B81:$CK81) -> 3242 | DE81: =SUMIF($B$3:$CK$3,DE$4,$B81:$CK81) -> 29773 | DF81: =SUMIF($B$3:$CK$3,DF$4,$B81:$CK81) -> 29818 | DG81: =SUMIF($B$3:$CK$3,DG$4,$B81:$CK81) -> 8124 | DH81: =SUMIF($B$3:$CK$3,DH$4,$B81:$CK81) -> 23414 | DI81: =SUMIF($B$3:$CK$3,DI$4,$B81:$CK81) -> 53967 | ... EC81: =SUMIF($B$3:$CK$3,EC$4,$B81:$CK81) -> 79531 | EE81: =SUMIF($B$2:$CK$2,EE$4,$B81:$CK81) -> 62834 | EF81: =SUMIF($B$2:$CK$2,EF$4,$B81:$CK81) -> 131361 | EG81: =SUMIF($B$2:$CK$2,EG$4,$B81:$CK81) -> 155871 | EH81: =SUMIF($B$2:$CK$2,EH$4,$B81:$CK81) -> 233082 | EI81: =SUMIF($B$2:$CK$2,EI$4,$B81:$CK81) -> 226032 | EJ81: =SUMIF($B$2:$CK$2,EJ$4,$B81:$CK81) -> 242085 | EK81: =SUMIF($B$2:$CK$2,EK$4,$B81:$CK81) -> 249336.39
A82: M&M | B82: =PV!C40 -> 20436 | C82: =PV!D40 -> 18711 | D82: =PV!E40 -> 21785 | E82: =PV!F40 -> 20696 | F82: =PV!G40 -> 20877 | G82: =PV!H40 -> 17912 | H82: =PV!I40 -> 17651 | I82: =PV!J40 -> 14329 | ... CI82: =PV!CJ40 -> 50964.348 | CL82: =SUMIFS($C82:$CK82,$C$3:$CK$3,CL$4,$C$1:$CK$1,"<="&_xlfn.XLOOKUP(MAX($C$4:$CK$4),$C$4:$CK$4,$C$1:$CK$1)) -> 115054.35 | CM82: =SUMIF($A$3:$CK$3,CM$4,$A82:$CK82) -> 175981 | CN82: =SUMIF($A$3:$CK$3,CN$4,$A82:$CK82) -> 144364 | CP82: =CL82/SUMIFS($C82:$CK82,$C$3:$CK$3,CM$4,$C$1:$CK$1,"<="&_xlfn.XLOOKUP(MAX($C$4:$CK$4),$C$4:$CK$4,$C$1:$CK$1))-1 -> -0.097060572 | CQ82: =CL82/SUMIFS($C82:$CK82,$C$3:$CK$3,CN$4,$C$1:$CK$1,"<="&_xlfn.XLOOKUP(MAX($C$4:$CK$4),$C$4:$CK$4,$C$1:$CK$1))-1 -> 0.20039592 | DB82: =SUMIF($B$3:$CK$3,DB$4,$B82:$CK82) -> 60932 | DC82: =SUMIF($B$3:$CK$3,DC$4,$B82:$CK82) -> 59485 | DD82: =SUMIF($B$3:$CK$3,DD$4,$B82:$CK82) -> 43874 | DE82: =SUMIF($B$3:$CK$3,DE$4,$B82:$CK82) -> 49637 | DF82: =SUMIF($B$3:$CK$3,DF$4,$B82:$CK82) -> 56359 | DG82: =SUMIF($B$3:$CK$3,DG$4,$B82:$CK82) -> 8932 | DH82: =SUMIF($B$3:$CK$3,DH$4,$B82:$CK82) -> 29434 | DI82: =SUMIF($B$3:$CK$3,DI$4,$B82:$CK82) -> 46506 | ... EC82: =SUMIF($B$3:$CK$3,EC$4,$B82:$CK82) -> 175981 | EE82: =SUMIF($B$2:$CK$2,EE$4,$B82:$CK82) -> 209355 | EF82: =SUMIF($B$2:$CK$2,EF$4,$B82:$CK82) -> 132824 | EG82: =SUMIF($B$2:$CK$2,EG$4,$B82:$CK82) -> 194005 | EH82: =SUMIF($B$2:$CK$2,EH$4,$B82:$CK82) -> 320363 | EI82: =SUMIF($B$2:$CK$2,EI$4,$B82:$CK82) -> 422613 | EJ82: =SUMIF($B$2:$CK$2,EJ$4,$B82:$CK82) -> 508027 | EK82: =SUMIF($B$2:$CK$2,EK$4,$B82:$CK82) -> 557270.35
A83: Tata Motors | B83: =PV!C41 -> 20866 | C83: =PV!D41 -> 15230 | D83: =PV!E41 -> 16095 | E83: =PV!F41 -> 17014 | F83: =PV!G41 -> 16267 | G83: =PV!H41 -> 13261 | H83: =PV!I41 -> 13108 | I83: =PV!J41 -> 10960 | ... CI83: =PV!CJ41 -> 51274.522 | CL83: =SUMIFS($C83:$CK83,$C$3:$CK$3,CL$4,$C$1:$CK$1,"<="&_xlfn.XLOOKUP(MAX($C$4:$CK$4),$C$4:$CK$4,$C$1:$CK$1)) -> 114749.52 | CM83: =SUMIF($A$3:$CK$3,CM$4,$A83:$CK83) -> 181312 | CN83: =SUMIF($A$3:$CK$3,CN$4,$A83:$CK83) -> 141385 | CP83: =CL83/SUMIFS($C83:$CK83,$C$3:$CK$3,CM$4,$C$1:$CK$1,"<="&_xlfn.XLOOKUP(MAX($C$4:$CK$4),$C$4:$CK$4,$C$1:$CK$1))-1 -> -0.11218252 | CQ83: =CL83/SUMIFS($C83:$CK83,$C$3:$CK$3,CN$4,$C$1:$CK$1,"<="&_xlfn.XLOOKUP(MAX($C$4:$CK$4),$C$4:$CK$4,$C$1:$CK$1))-1 -> 0.23721829 | DB83: =SUMIF($B$3:$CK$3,DB$4,$B83:$CK83) -> 52191 | DC83: =SUMIF($B$3:$CK$3,DC$4,$B83:$CK83) -> 46542 | DD83: =SUMIF($B$3:$CK$3,DD$4,$B83:$CK83) -> 33543 | DE83: =SUMIF($B$3:$CK$3,DE$4,$B83:$CK83) -> 38935 | DF83: =SUMIF($B$3:$CK$3,DF$4,$B83:$CK83) -> 47215 | DG83: =SUMIF($B$3:$CK$3,DG$4,$B83:$CK83) -> 13600 | DH83: =SUMIF($B$3:$CK$3,DH$4,$B83:$CK83) -> 46342 | DI83: =SUMIF($B$3:$CK$3,DI$4,$B83:$CK83) -> 65216 | ... EC83: =SUMIF($B$3:$CK$3,EC$4,$B83:$CK83) -> 181312 | EE83: =SUMIF($B$2:$CK$2,EE$4,$B83:$CK83) -> 166235 | EF83: =SUMIF($B$2:$CK$2,EF$4,$B83:$CK83) -> 199731 | EG83: =SUMIF($B$2:$CK$2,EG$4,$B83:$CK83) -> 329909 | EH83: =SUMIF($B$2:$CK$2,EH$4,$B83:$CK83) -> 480945 | EI83: =SUMIF($B$2:$CK$2,EI$4,$B83:$CK83) -> 530296 | EJ83: =SUMIF($B$2:$CK$2,EJ$4,$B83:$CK83) -> 523570 | EK83: =SUMIF($B$2:$CK$2,EK$4,$B83:$CK83) -> 530405.52
A84: Toyota | B84: =PV!C42 -> 12854 | C84: =PV!D42 -> 9604 | D84: =PV!E42 -> 10281 | E84: =PV!F42 -> 9759 | F84: =PV!G42 -> 9874 | G84: =PV!H42 -> 9075 | H84: =PV!I42 -> 9982 | I84: =PV!J42 -> 9325 | ... CI84: =PV!CJ42 -> 25381.304 | CL84: =SUMIFS($C84:$CK84,$C$3:$CK$3,CL$4,$C$1:$CK$1,"<="&_xlfn.XLOOKUP(MAX($C$4:$CK$4),$C$4:$CK$4,$C$1:$CK$1)) -> 60741.304 | CM84: =SUMIF($A$3:$CK$3,CM$4,$A84:$CK84) -> 91149 | CN84: =SUMIF($A$3:$CK$3,CN$4,$A84:$CK84) -> 75593 | CP84: =CL84/SUMIFS($C84:$CK84,$C$3:$CK$3,CM$4,$C$1:$CK$1,"<="&_xlfn.XLOOKUP(MAX($C$4:$CK$4),$C$4:$CK$4,$C$1:$CK$1))-1 -> -0.061519022 | CQ84: =CL84/SUMIFS($C84:$CK84,$C$3:$CK$3,CN$4,$C$1:$CK$1,"<="&_xlfn.XLOOKUP(MAX($C$4:$CK$4),$C$4:$CK$4,$C$1:$CK$1))-1 -> 0.18035959 | DB84: =SUMIF($B$3:$CK$3,DB$4,$B84:$CK84) -> 32739 | DC84: =SUMIF($B$3:$CK$3,DC$4,$B84:$CK84) -> 28708 | DD84: =SUMIF($B$3:$CK$3,DD$4,$B84:$CK84) -> 27389 | DE84: =SUMIF($B$3:$CK$3,DE$4,$B84:$CK84) -> 29670 | DF84: =SUMIF($B$3:$CK$3,DF$4,$B84:$CK84) -> 23165 | DG84: =SUMIF($B$3:$CK$3,DG$4,$B84:$CK84) -> 6484 | DH84: =SUMIF($B$3:$CK$3,DH$4,$B84:$CK84) -> 14857 | DI84: =SUMIF($B$3:$CK$3,DI$4,$B84:$CK84) -> 24861 | ... EC84: =SUMIF($B$3:$CK$3,EC$4,$B84:$CK84) -> 91149 | EE84: =SUMIF($B$2:$CK$2,EE$4,$B84:$CK84) -> 108932 | EF84: =SUMIF($B$2:$CK$2,EF$4,$B84:$CK84) -> 78853 | EG84: =SUMIF($B$2:$CK$2,EG$4,$B84:$CK84) -> 112449 | EH84: =SUMIF($B$2:$CK$2,EH$4,$B84:$CK84) -> 155367 | EI84: =SUMIF($B$2:$CK$2,EI$4,$B84:$CK84) -> 200286 | EJ84: =SUMIF($B$2:$CK$2,EJ$4,$B84:$CK84) -> 264387 | EK84: =SUMIF($B$2:$CK$2,EK$4,$B84:$CK84) -> 296287.3
A85: Others | B85: =B86-SUM(B78:B84) -> 33083 | C85: =C86-SUM(C78:C84) -> 24965 | D85: =D86-SUM(D78:D84) -> 27483 | E85: =E86-SUM(E78:E84) -> 25968 | F85: =F86-SUM(F78:F84) -> 25167 | G85: =G86-SUM(G78:G84) -> 21441 | H85: =H86-SUM(H78:H84) -> 23103 | I85: =I86-SUM(I78:I84) -> 23106 | ... CI85: =CI86-SUM(CI78:CI84) -> 21834.478 | CL85: =SUMIFS($C85:$CK85,$C$3:$CK$3,CL$4,$C$1:$CK$1,"<="&_xlfn.XLOOKUP(MAX($C$4:$CK$4),$C$4:$CK$4,$C$1:$CK$1)) -> 52589.478 | CM85: =SUMIF($A$3:$CK$3,CM$4,$A85:$CK85) -> 84187 | CN85: =SUMIF($A$3:$CK$3,CN$4,$A85:$CK85) -> 73944 | CP85: =CL85/SUMIFS($C85:$CK85,$C$3:$CK$3,CM$4,$C$1:$CK$1,"<="&_xlfn.XLOOKUP(MAX($C$4:$CK$4),$C$4:$CK$4,$C$1:$CK$1))-1 -> -0.11317721 | CQ85: =CL85/SUMIFS($C85:$CK85,$C$3:$CK$3,CN$4,$C$1:$CK$1,"<="&_xlfn.XLOOKUP(MAX($C$4:$CK$4),$C$4:$CK$4,$C$1:$CK$1))-1 -> 0.066053359 | DB85: =SUMIF($B$3:$CK$3,DB$4,$B85:$CK85) -> 85531 | DC85: =SUMIF($B$3:$CK$3,DC$4,$B85:$CK85) -> 72576 | DD85: =SUMIF($B$3:$CK$3,DD$4,$B85:$CK85) -> 68146 | DE85: =SUMIF($B$3:$CK$3,DE$4,$B85:$CK85) -> 94996 | DF85: =SUMIF($B$3:$CK$3,DF$4,$B85:$CK85) -> 94184 | DG85: =SUMIF($B$3:$CK$3,DG$4,$B85:$CK85) -> 19216 | DH85: =SUMIF($B$3:$CK$3,DH$4,$B85:$CK85) -> 55060 | DI85: =SUMIF($B$3:$CK$3,DI$4,$B85:$CK85) -> 85921 | ... EC85: =SUMIF($B$3:$CK$3,EC$4,$B85:$CK85) -> 84187 | EE85: =SUMIF($B$2:$CK$2,EE$4,$B85:$CK85) -> 329902 | EF85: =SUMIF($B$2:$CK$2,EF$4,$B85:$CK85) -> 250331 | EG85: =SUMIF($B$2:$CK$2,EG$4,$B85:$CK85) -> 319558 | EH85: =SUMIF($B$2:$CK$2,EH$4,$B85:$CK85) -> 314595 | EI85: =SUMIF($B$2:$CK$2,EI$4,$B85:$CK85) -> 268786 | EJ85: =SUMIF($B$2:$CK$2,EJ$4,$B85:$CK85) -> 262370 | EK85: =SUMIF($B$2:$CK$2,EK$4,$B85:$CK85) -> 274041.48
A86: Total | B86: =PV!C32 -> 318278 | C86: =PV!D32 -> 240146 | D86: =PV!E32 -> 255707 | E86: =PV!F32 -> 246578 | F86: =PV!G32 -> 248684 | G86: =PV!H32 -> 215963 | H86: =PV!I32 -> 222505 | I86: =PV!J32 -> 200559 | ... CI86: =PV!CJ32 -> 372215 | CL86: =SUM(CL78:CL85) -> 886951 | CM86: =SUM(CM78:CM85) -> 1350559 | CN86: =SUM(CN78:CN85) -> 1131997 | CP86: =CL86/SUMIFS($C86:$CK86,$C$3:$CK$3,CM$4,$C$1:$CK$1,"<="&_xlfn.XLOOKUP(MAX($C$4:$CK$4),$C$4:$CK$4,$C$1:$CK$1))-1 -> -0.086632588 | CQ86: =CL86/SUMIFS($C86:$CK86,$C$3:$CK$3,CN$4,$C$1:$CK$1,"<="&_xlfn.XLOOKUP(MAX($C$4:$CK$4),$C$4:$CK$4,$C$1:$CK$1))-1 -> 0.13715895 | DB86: =SUMIF($B$3:$CK$3,DB$4,$B86:$CK86) -> 814131 | DC86: =SUMIF($B$3:$CK$3,DC$4,$B86:$CK86) -> 711225 | DD86: =SUMIF($B$3:$CK$3,DD$4,$B86:$CK86) -> 608280 | DE86: =SUMIF($B$3:$CK$3,DE$4,$B86:$CK86) -> 815772 | DF86: =SUMIF($B$3:$CK$3,DF$4,$B86:$CK86) -> 779858 | DG86: =SUMIF($B$3:$CK$3,DG$4,$B86:$CK86) -> 192171 | DH86: =SUMIF($B$3:$CK$3,DH$4,$B86:$CK86) -> 584207 | DI86: =SUMIF($B$3:$CK$3,DI$4,$B86:$CK86) -> 892442 | ... EC86: =SUMIF($B$3:$CK$3,EC$4,$B86:$CK86) -> 1350559 | EE86: =SUMIF($B$2:$CK$2,EE$4,$B86:$CK86) -> 2915135 | EF86: =SUMIF($B$2:$CK$2,EF$4,$B86:$CK86) -> 2559431 | EG86: =SUMIF($B$2:$CK$2,EG$4,$B86:$CK86) -> 2916189 | EH86: =SUMIF($B$2:$CK$2,EH$4,$B86:$CK86) -> 3594885 | EI86: =SUMIF($B$2:$CK$2,EI$4,$B86:$CK86) -> 3894399 | EJ86: =SUMIF($B$2:$CK$2,EJ$4,$B86:$CK86) -> 4095175 | EK86: =SUMIF($B$2:$CK$2,EK$4,$B86:$CK86) -> 4173548
A88: Market share | B88: =B4 -> 43466 | C88: =C4 -> 43497 | D88: =D4 -> 43525 | E88: =E4 -> 43556 | F88: =F4 -> 43586 | G88: =G4 -> 43617 | H88: =H4 -> 43647 | I88: =I4 -> 43678 | ... CI88: =CI4 -> 46054 | CL88: =CL77 -> 4Q26 | CM88: =CM77 -> 3Q26 | CN88: =CN77 -> 4Q25 | CP88: =CP77 -> QoQ Change | CQ88: =CQ77 -> YoY Change | CS88: =TEXT(CV88,"mmm-yy")&" vs "&TEXT(CU88,"mmm-yy") -> Feb-26 vs Feb-25 | CT88: =TEXT(CV88,"mmm-yy")&" vs "&TEXT(CW88,"mmm-yy") -> Feb-26 vs Mar-25 | CU88: =DATE(YEAR(CV88)-1,MONTH(CV88),DAY(CV88)) -> 45689 | CV88: =MAX($B$88:$CK$88) -> 46054 | CW88: 45717
A89: Maruti | B89: =B78/B$86 -> 0.50140757 | C89: =C78/C$86 -> 0.49255037 | D89: =D78/D$86 -> 0.49727227 | E89: =E78/E$86 -> 0.49003561 | F89: =F78/F$86 -> 0.49592656 | G89: =G78/G$86 -> 0.48550909 | H89: =H78/H$86 -> 0.47166581 | I89: =I78/I$86 -> 0.46850553 | ... CI89: =CI78/CI$86 -> 0.39996613 | CL89: =CL78/CL$86 -> 0.41337164 | CM89: =CM78/CM$86 -> 0.40926831 | CN89: =CN78/CN$86 -> 0.41374668 | CP89: =(CL89-CM89)*10000 -> 41.033317 | CQ89: =(CL89-CN89)*10000 -> -3.7503747 | CS89: =CY89&" bps" -> 92 bps | CT89: =CZ89&" bps" -> 187 bps | CU89: =ROUND(HLOOKUP(CU$88,$A$88:$CK$97,COUNTA($A$88:$A89),0)*10^4,0) -> 3908 | CV89: =ROUND(HLOOKUP(CV$88,$A$88:$CK$97,COUNTA($A$88:$A89),0)*10^4,0) -> 4000 | CW89: =ROUND(HLOOKUP(CW$88,$A$88:$CK$97,COUNTA($A$88:$A89),0)*10^4,0) -> 3813 | CY89: =CV89-CU89 -> 92 | CZ89: =CV89-CW89 -> 187 | DB89: =DB78/DB$86 -> 0.4974961 | DC89: =DC78/DC$86 -> 0.49072094 | DD89: =DD78/DD$86 -> 0.47263431 | DE89: =DE78/DE$86 -> 0.4811516 | DF89: =DF78/DF$86 -> 0.48833762 | DG89: =DG78/DG$86 -> 0.49856118 | DH89: =DH78/DH$86 -> 0.49424776 | DI89: =DI78/DI$86 -> 0.48674088 | ... EC89: =EC78/EC$86 -> 0.40926831 | EE89: =EE78/EE$86 -> 0.48363146 | EF89: =EF78/EF$86 -> 0.48316677 | EG89: =EG78/EG$86 -> 0.42599948 | EH89: =EH78/EH$86 -> 0.41193835 | EI89: =EI78/EI$86 -> 0.41203354 | EJ89: =EJ78/EJ$86 -> 0.40792005 | EK89: =EK78/EK$86 -> 0.40368684
A90: Honda | B90: =B79/B$86 -> 0.052538975 | C90: =C79/C$86 -> 0.053284252 | D90: =D79/D$86 -> 0.054675859 | E90: =E79/E$86 -> 0.058277705 | F90: =F79/F$86 -> 0.052062055 | G90: =G79/G$86 -> 0.049239916 | H90: =H79/H$86 -> 0.051697715 | I90: =I79/I$86 -> 0.048933232 | ... CI90: =CI79/CI$86 -> 0.012628512 | CL90: =CL79/CL$86 -> 0.012024928 | CM90: =CM79/CM$86 -> 0.013777999 | CN90: =CN79/CN$86 -> 0.016300397 | CP90: =(CL90-CM90)*10000 -> -17.530708 | CQ90: =(CL90-CN90)*10000 -> -42.754688 | CS90: =CY90&" bps" -> -48 bps | CT90: =CZ90&" bps" -> -20 bps | CU90: =ROUND(HLOOKUP(CU$88,$A$88:$CK$97,COUNTA($A$88:$A90),0)*10^4,0) -> 174 | CV90: =ROUND(HLOOKUP(CV$88,$A$88:$CK$97,COUNTA($A$88:$A90),0)*10^4,0) -> 126 | CW90: =ROUND(HLOOKUP(CW$88,$A$88:$CK$97,COUNTA($A$88:$A90),0)*10^4,0) -> 146 | CY90: =CV90-CU90 -> -48 | CZ90: =CV90-CW90 -> -20 | DB90: =DB79/DB$86 -> 0.053429976 | DC90: =DC79/DC$86 -> 0.053360048 | DD90: =DD79/DD$86 -> 0.048469455 | DE90: =DE79/DE$86 -> 0.039843241 | DF90: =DF79/DF$86 -> 0.029854153 | DG90: =DG79/DG$86 -> 0.02239672 | DH90: =DH79/DH$86 -> 0.025650155 | DI90: =DI79/DI$86 -> 0.033217845 | ... EC90: =EC79/EC$86 -> 0.013777999 | EE90: =EE79/EE$86 -> 0.042268711 | EF90: =EF79/EF$86 -> 0.029958221 | EG90: =EG79/EG$86 -> 0.028608914 | EH90: =EH79/EH$86 -> 0.023146777 | EI90: =EI79/EI$86 -> 0.020436273 | EJ90: =EJ79/EJ$86 -> 0.015800057 | EK90: =EK79/EK$86 -> 0.013157995
A91: Hyundai | B91: =B80/B$86 -> 0.17195659 | C91: =C80/C$86 -> 0.1688806 | D91: =D80/D$86 -> 0.15222892 | E91: =E80/E$86 -> 0.15386206 | F91: =F80/F$86 -> 0.16174342 | G91: =G80/G$86 -> 0.17960021 | H91: =H80/H$86 -> 0.1897036 | I91: =I80/I$86 -> 0.19397285 | ... CI91: =CI80/CI$86 -> 0.11976423 | CL91: =CL80/CL$86 -> 0.12554926 | CM91: =CM80/CM$86 -> 0.12368952 | CN91: =CN80/CN$86 -> 0.12784309 | CP91: =(CL91-CM91)*10000 -> 18.597379 | CQ91: =(CL91-CN91)*10000 -> -22.93833 | CS91: =CY91&" bps" -> -84 bps | CT91: =CZ91&" bps" -> -50 bps | CU91: =ROUND(HLOOKUP(CU$88,$A$88:$CK$97,COUNTA($A$88:$A91),0)*10^4,0) -> 1282 | CV91: =ROUND(HLOOKUP(CV$88,$A$88:$CK$97,COUNTA($A$88:$A91),0)*10^4,0) -> 1198 | CW91: =ROUND(HLOOKUP(CW$88,$A$88:$CK$97,COUNTA($A$88:$A91),0)*10^4,0) -> 1248 | CY91: =CV91-CU91 -> -84 | CZ91: =CV91-CW91 -> -50 | DB91: =DB80/DB$86 -> 0.16485308 | DC91: =DC80/DC$86 -> 0.1644332 | DD91: =DD80/DD$86 -> 0.18923686 | DE91: =DE80/DE$86 -> 0.18111433 | DF91: =DF80/DF$86 -> 0.16028687 | DG91: =DG80/DG$86 -> 0.18578245 | DH91: =DH80/DH$86 -> 0.19063791 | DI91: =DI80/DI$86 -> 0.17024972 | ... EC91: =EC80/EC$86 -> 0.12368952 | EE91: =EE80/EE$86 -> 0.17316762 | EF91: =EF80/EF$86 -> 0.17700145 | EG91: =EG80/EG$86 -> 0.16414334 | EH91: =EH80/EH$86 -> 0.14644474 | EI91: =EI80/EI$86 -> 0.14435501 | EJ91: =EJ80/EJ$86 -> 0.13663104 | EK91: =EK80/EK$86 -> 0.12614807
A92: Kia | B92: =B81/B$86 -> 0 | C92: =C81/C$86 -> 0 | D92: =D81/D$86 -> 0 | E92: =E81/E$86 -> 0 | F92: =F81/F$86 -> 0 | G92: =G81/G$86 -> 4.6304228e-06 | H92: =H81/H$86 -> 0 | I92: =I81/I$86 -> 0.00079278417 | ... CI92: =CI81/CI$86 -> 0.066113379 | CL92: =CL81/CL$86 -> 0.06218426 | CM92: =CM81/CM$86 -> 0.058887468 | CN92: =CN81/CN$86 -> 0.057580541 | CP92: =(CL92-CM92)*10000 -> 32.967916 | CQ92: =(CL92-CN92)*10000 -> 46.037184 | CS92: =CY92&" bps" -> 26 bps | CT92: =CZ92&" bps" -> 13 bps | CU92: =ROUND(HLOOKUP(CU$88,$A$88:$CK$97,COUNTA($A$88:$A92),0)*10^4,0) -> 635 | CV92: =ROUND(HLOOKUP(CV$88,$A$88:$CK$97,COUNTA($A$88:$A92),0)*10^4,0) -> 661 | CW92: =ROUND(HLOOKUP(CW$88,$A$88:$CK$97,COUNTA($A$88:$A92),0)*10^4,0) -> 648 | CY92: =CV92-CU92 -> 26 | CZ92: =CV92-CW92 -> 13 | DB92: =DB81/DB$86 -> 0 | DC92: =DC81/DC$86 -> 1.4060248e-06 | DD92: =DD81/DD$86 -> 0.0053297823 | DE92: =DE81/DE$86 -> 0.036496717 | DF92: =DF81/DF$86 -> 0.038235166 | DG92: =DG81/DG$86 -> 0.042274849 | DH92: =DH81/DH$86 -> 0.04007826 | DI92: =DI81/DI$86 -> 0.060471157 | ... EC92: =EC81/EC$86 -> 0.058887468 | EE92: =EE81/EE$86 -> 0.021554405 | EF92: =EF81/EF$86 -> 0.051324298 | EG92: =EG81/EG$86 -> 0.053450239 | EH92: =EH81/EH$86 -> 0.064837123 | EI92: =EI81/EI$86 -> 0.058040278 | EJ92: =EJ81/EJ$86 -> 0.05911469 | EK92: =EK81/EK$86 -> 0.059742069
A93: M&M | B93: =B82/B$86 -> 0.064208019 | C93: =C82/C$86 -> 0.077915102 | D93: =D82/D$86 -> 0.085195165 | E93: =E82/E$86 -> 0.083932873 | F93: =F82/F$86 -> 0.083949912 | G93: =G82/G$86 -> 0.082940133 | H93: =H82/H$86 -> 0.079328554 | I93: =I82/I$86 -> 0.07144531 | ... CI93: =CI82/CI$86 -> 0.1369218 | CL93: =CL82/CL$86 -> 0.12971894 | CM93: =CM82/CM$86 -> 0.13030234 | CN93: =CN82/CN$86 -> 0.12753037 | CP93: =(CL93-CM93)*10000 -> -5.8339666 | CQ93: =(CL93-CN93)*10000 -> 21.885715 | CS93: =CY93&" bps" -> 8 bps | CT93: =CZ93&" bps" -> -9 bps | CU93: =ROUND(HLOOKUP(CU$88,$A$88:$CK$97,COUNTA($A$88:$A93),0)*10^4,0) -> 1361 | CV93: =ROUND(HLOOKUP(CV$88,$A$88:$CK$97,COUNTA($A$88:$A93),0)*10^4,0) -> 1369 | CW93: =ROUND(HLOOKUP(CW$88,$A$88:$CK$97,COUNTA($A$88:$A93),0)*10^4,0) -> 1378 | CY93: =CV93-CU93 -> 8 | CZ93: =CV93-CW93 -> -9 | DB93: =DB82/DB$86 -> 0.074842992 | DC93: =DC82/DC$86 -> 0.083637386 | DD93: =DD82/DD$86 -> 0.072127967 | DE93: =DE82/DE$86 -> 0.060846658 | DF93: =DF82/DF$86 -> 0.072268285 | DG93: =DG82/DG$86 -> 0.046479438 | DH93: =DH82/DH$86 -> 0.050382827 | DI93: =DI82/DI$86 -> 0.05211095 | ... EC93: =EC82/EC$86 -> 0.13030234 | EE93: =EE82/EE$86 -> 0.071816571 | EF93: =EF82/EF$86 -> 0.05189591 | EG93: =EG82/EG$86 -> 0.066526895 | EH93: =EH82/EH$86 -> 0.089116342 | EI93: =EI82/EI$86 -> 0.10851816 | EJ93: =EJ82/EJ$86 -> 0.12405502 | EK93: =EK82/EK$86 -> 0.13352437
A94: Tata Motors | B94: =B83/B$86 -> 0.06555904 | C94: =C83/C$86 -> 0.063419753 | D94: =D83/D$86 -> 0.062943134 | E94: =E83/E$86 -> 0.069000479 | F94: =F83/F$86 -> 0.065412331 | G94: =G83/G$86 -> 0.061404037 | H94: =H83/H$86 -> 0.058911036 | I94: =I83/I$86 -> 0.054647261 | ... CI94: =CI83/CI$86 -> 0.13775512 | CL94: =CL83/CL$86 -> 0.12937527 | CM94: =CM83/CM$86 -> 0.1342496 | CN94: =CN83/CN$86 -> 0.12489874 | CP94: =(CL94-CM94)*10000 -> -48.743297 | CQ94: =(CL94-CN94)*10000 -> 44.765253 | CS94: =CY94&" bps" -> 117 bps | CT94: =CZ94&" bps" -> -4 bps | CU94: =ROUND(HLOOKUP(CU$88,$A$88:$CK$97,COUNTA($A$88:$A94),0)*10^4,0) -> 1261 | CV94: =ROUND(HLOOKUP(CV$88,$A$88:$CK$97,COUNTA($A$88:$A94),0)*10^4,0) -> 1378 | CW94: =ROUND(HLOOKUP(CW$88,$A$88:$CK$97,COUNTA($A$88:$A94),0)*10^4,0) -> 1382 | CY94: =CV94-CU94 -> 117 | CZ94: =CV94-CW94 -> -4 | DB94: =DB83/DB$86 -> 0.064106391 | DC94: =DC83/DC$86 -> 0.065439207 | DD94: =DD83/DD$86 -> 0.055144013 | DE94: =DE83/DE$86 -> 0.047727796 | DF94: =DF83/DF$86 -> 0.060543073 | DG94: =DG83/DG$86 -> 0.070770304 | DH94: =DH83/DH$86 -> 0.079324623 | DI94: =DI83/DI$86 -> 0.073075897 | ... EC94: =EC83/EC$86 -> 0.1342496 | EE94: =EE83/EE$86 -> 0.057024803 | EF94: =EF83/EF$86 -> 0.078037267 | EG94: =EG83/EG$86 -> 0.11313018 | EH94: =EH83/EH$86 -> 0.13378592 | EI94: =EI83/EI$86 -> 0.13616889 | EJ94: =EJ83/EJ$86 -> 0.12785046 | EK94: =EK83/EK$86 -> 0.12708744
A95: Toyota | B95: =B84/B$86 -> 0.040386078 | C95: =C84/C$86 -> 0.039992338 | D95: =D84/D$86 -> 0.040206173 | E95: =E84/E$86 -> 0.03957774 | F95: =F84/F$86 -> 0.039705007 | G95: =G84/G$86 -> 0.042021087 | H95: =H84/H$86 -> 0.044861913 | I95: =I84/I$86 -> 0.046495046 | ... CI95: =CI84/CI$86 -> 0.068189902 | CL95: =CL84/CL$86 -> 0.068483269 | CM95: =CM84/CM$86 -> 0.067489832 | CN95: =CN84/CN$86 -> 0.066778446 | CP95: =(CL95-CM95)*10000 -> 9.9343749 | CQ95: =(CL95-CN95)*10000 -> 17.04824 | CS95: =CY95&" bps" -> -35 bps | CT95: =CZ95&" bps" -> -4 bps | CU95: =ROUND(HLOOKUP(CU$88,$A$88:$CK$97,COUNTA($A$88:$A95),0)*10^4,0) -> 717 | CV95: =ROUND(HLOOKUP(CV$88,$A$88:$CK$97,COUNTA($A$88:$A95),0)*10^4,0) -> 682 | CW95: =ROUND(HLOOKUP(CW$88,$A$88:$CK$97,COUNTA($A$88:$A95),0)*10^4,0) -> 686 | CY95: =CV95-CU95 -> -35 | CZ95: =CV95-CW95 -> -4 | DB95: =DB84/DB$86 -> 0.04021343 | DC95: =DC84/DC$86 -> 0.04036416 | DD95: =DD84/DD$86 -> 0.045026961 | DE95: =DE84/DE$86 -> 0.036370456 | DF95: =DF84/DF$86 -> 0.029704126 | DG95: =DG84/DG$86 -> 0.033740783 | DH95: =DH84/DH$86 -> 0.025431054 | DI95: =DI84/DI$86 -> 0.027857273 | ... EC95: =EC84/EC$86 -> 0.067489832 | EE95: =EE84/EE$86 -> 0.037367738 | EF95: =EF84/EF$86 -> 0.030808801 | EG95: =EG84/EG$86 -> 0.038560258 | EH95: =EH84/EH$86 -> 0.043218907 | EI95: =EI84/EI$86 -> 0.051429245 | EJ95: =EJ84/EJ$86 -> 0.064560611 | EK95: =EK84/EK$86 -> 0.070991709
A96: Others | B96: =B85/B$86 -> 0.10394372 | C96: =C85/C$86 -> 0.10395759 | D96: =D85/D$86 -> 0.10747848 | E96: =E85/E$86 -> 0.10531353 | F96: =F85/F$86 -> 0.10120072 | G96: =G85/G$86 -> 0.099280895 | H96: =H85/H$86 -> 0.10383137 | I96: =I85/I$86 -> 0.11520799 | ... CI96: =CI85/CI$86 -> 0.058660931 | CL96: =CL85/CL$86 -> 0.059292428 | CM96: =CM85/CM$86 -> 0.062334929 | CN96: =CN85/CN$86 -> 0.065321728 | CP96: =(CL96-CM96)*10000 -> -30.425015 | CQ96: =(CL96-CN96)*10000 -> -60.292999 | CS96: =CY96&" bps" -> -75 bps | CT96: =CZ96&" bps" -> -112 bps | CU96: =ROUND(HLOOKUP(CU$88,$A$88:$CK$97,COUNTA($A$88:$A96),0)*10^4,0) -> 662 | CV96: =ROUND(HLOOKUP(CV$88,$A$88:$CK$97,COUNTA($A$88:$A96),0)*10^4,0) -> 587 | CW96: =ROUND(HLOOKUP(CW$88,$A$88:$CK$97,COUNTA($A$88:$A96),0)*10^4,0) -> 699 | CY96: =CV96-CU96 -> -75 | CZ96: =CV96-CW96 -> -112 | DB96: =DB85/DB$86 -> 0.10505803 | DC96: =DC85/DC$86 -> 0.10204366 | DD96: =DD85/DD$86 -> 0.11203064 | DE96: =DE85/DE$86 -> 0.1164492 | DF96: =DF85/DF$86 -> 0.1207707 | DG96: =DG85/DG$86 -> 0.099994276 | DH96: =DH85/DH$86 -> 0.094247416 | DI96: =DI85/DI$86 -> 0.096276285 | ... EC96: =EC85/EC$86 -> 0.062334929 | EE96: =EE85/EE$86 -> 0.11316869 | EF96: =EF85/EF$86 -> 0.097807286 | EG96: =EG85/EG$86 -> 0.10958069 | EH96: =EH85/EH$86 -> 0.08751184 | EI96: =EI85/EI$86 -> 0.069018609 | EJ96: =EJ85/EJ$86 -> 0.06406808 | EK96: =EK85/EK$86 -> 0.065661513
A97: Total | B97: =B86/B$86 -> 1 | C97: =C86/C$86 -> 1 | D97: =D86/D$86 -> 1 | E97: =E86/E$86 -> 1 | F97: =F86/F$86 -> 1 | G97: =G86/G$86 -> 1 | H97: =H86/H$86 -> 1 | I97: =I86/I$86 -> 1 | ... CI97: =CI86/CI$86 -> 1 | CL97: =CL86/CL$86 -> 1 | CM97: =CM86/CM$86 -> 1 | CN97: =CN86/CN$86 -> 1 | DB97: =DB86/DB$86 -> 1 | DC97: =DC86/DC$86 -> 1 | DD97: =DD86/DD$86 -> 1 | DE97: =DE86/DE$86 -> 1 | DF97: =DF86/DF$86 -> 1 | DG97: =DG86/DG$86 -> 1 | DH97: =DH86/DH$86 -> 1 | DI97: =DI86/DI$86 -> 1 | ... EC97: =EC86/EC$86 -> 1 | EE97: =EE86/EE$86 -> 1 | EF97: =EF86/EF$86 -> 1 | EG97: =EG86/EG$86 -> 1 | EH97: =EH86/EH$86 -> 1 | EI97: =EI86/EI$86 -> 1 | EJ97: =EJ86/EJ$86 -> 1 | EK97: =EK86/EK$86 -> 1
A99: Passenger vehicle - EV | B99: =B$4 -> 43466 | C99: =C$4 -> 43497 | D99: =D$4 -> 43525 | E99: =E$4 -> 43556 | F99: =F$4 -> 43586 | G99: =G$4 -> 43617 | H99: =H$4 -> 43647 | I99: =I$4 -> 43678 | ... CI99: =CI$4 -> 46054 | CL99: =CL77 -> 4Q26 | CM99: =CM77 -> 3Q26 | CN99: =CN77 -> 4Q25 | CP99: =CP77 -> QoQ Change | CQ99: =CQ77 -> YoY Change
A100: Tata Motors | B100: ='Electric PV'!C34 -> 9 | C100: ='Electric PV'!D34 -> 37 | D100: ='Electric PV'!E34 -> 40 | E100: ='Electric PV'!F34 -> 27 | F100: ='Electric PV'!G34 -> 14 | G100: ='Electric PV'!H34 -> 40 | H100: ='Electric PV'!I34 -> 38 | I100: ='Electric PV'!J34 -> 10 | ... CI100: ='Electric PV'!CJ34 -> 5284.3043 | CL100: =SUMIFS($C100:$CK100,$C$3:$CK$3,CL$4,$C$1:$CK$1,"<="&_xlfn.XLOOKUP(MAX($C$4:$CK$4),$C$4:$CK$4,$C$1:$CK$1)) -> 13500.304 | CM100: =SUMIF($A$3:$CK$3,CM$4,$A100:$CK100) -> 20916 | CN100: =SUMIF($A$3:$CK$3,CN$4,$A100:$CK100) -> 14142 | CP100: =CL100/SUMIFS($C100:$CK100,$C$3:$CK$3,CM$4,$C$1:$CK$1,"<="&_xlfn.XLOOKUP(MAX($C$4:$CK$4),$C$4:$CK$4,$C$1:$CK$1))-1 -> -0.047799101 | CQ100: =CL100/SUMIFS($C100:$CK100,$C$3:$CK$3,CN$4,$C$1:$CK$1,"<="&_xlfn.XLOOKUP(MAX($C$4:$CK$4),$C$4:$CK$4,$C$1:$CK$1))-1 -> 0.46440008 | DB100: =SUMIF($B$3:$CK$3,DB$4,$B100:$CK100) -> 86 | DC100: =SUMIF($B$3:$CK$3,DC$4,$B100:$CK100) -> 81 | DD100: =SUMIF($B$3:$CK$3,DD$4,$B100:$CK100) -> 66 | DE100: =SUMIF($B$3:$CK$3,DE$4,$B100:$CK100) -> 184 | DF100: =SUMIF($B$3:$CK$3,DF$4,$B100:$CK100) -> 595 | DG100: =SUMIF($B$3:$CK$3,DG$4,$B100:$CK100) -> 218 | DH100: =SUMIF($B$3:$CK$3,DH$4,$B100:$CK100) -> 776 | DI100: =SUMIF($B$3:$CK$3,DI$4,$B100:$CK100) -> 1108 | ... EC100: =SUMIF($B$3:$CK$3,EC$4,$B100:$CK100) -> 20916 | EE100: =SUMIF($B$2:$CK$2,EE$4,$B100:$CK100) -> 926 | EF100: =SUMIF($B$2:$CK$2,EF$4,$B100:$CK100) -> 3625 | EG100: =SUMIF($B$2:$CK$2,EG$4,$B100:$CK100) -> 15650 | EH100: =SUMIF($B$2:$CK$2,EH$4,$B100:$CK100) -> 38357 | EI100: =SUMIF($B$2:$CK$2,EI$4,$B100:$CK100) -> 64163 | EJ100: =SUMIF($B$2:$CK$2,EJ$4,$B100:$CK100) -> 57371 | EK100: =SUMIF($B$2:$CK$2,EK$4,$B100:$CK100) -> 69344.304
A101: MG | B101: ='Electric PV'!C35 -> 0 | C101: ='Electric PV'!D35 -> 0 | D101: ='Electric PV'!E35 -> 0 | E101: ='Electric PV'!F35 -> 0 | F101: ='Electric PV'!G35 -> 0 | G101: ='Electric PV'!H35 -> 0 | H101: ='Electric PV'!I35 -> 0 | I101: ='Electric PV'!J35 -> 0 | ... CI101: ='Electric PV'!CJ35 -> 3168.5652 | CL101: =SUMIFS($C101:$CK101,$C$3:$CK$3,CL$4,$C$1:$CK$1,"<="&_xlfn.XLOOKUP(MAX($C$4:$CK$4),$C$4:$CK$4,$C$1:$CK$1)) -> 8007.5652 | CM101: =SUMIF($A$3:$CK$3,CM$4,$A101:$CK101) -> 12450 | CN101: =SUMIF($A$3:$CK$3,CN$4,$A101:$CK101) -> 12192 | CP101: =CL101/SUMIFS($C101:$CK101,$C$3:$CK$3,CM$4,$C$1:$CK$1,"<="&_xlfn.XLOOKUP(MAX($C$4:$CK$4),$C$4:$CK$4,$C$1:$CK$1))-1 -> -0.081279805 | CQ101: =CL101/SUMIFS($C101:$CK101,$C$3:$CK$3,CN$4,$C$1:$CK$1,"<="&_xlfn.XLOOKUP(MAX($C$4:$CK$4),$C$4:$CK$4,$C$1:$CK$1))-1 -> -0.00030396787 | DB101: =SUMIF($B$3:$CK$3,DB$4,$B101:$CK101) -> 0 | DC101: =SUMIF($B$3:$CK$3,DC$4,$B101:$CK101) -> 0 | DD101: =SUMIF($B$3:$CK$3,DD$4,$B101:$CK101) -> 0 | DE101: =SUMIF($B$3:$CK$3,DE$4,$B101:$CK101) -> 7 | DF101: =SUMIF($B$3:$CK$3,DF$4,$B101:$CK101) -> 146 | DG101: =SUMIF($B$3:$CK$3,DG$4,$B101:$CK101) -> 108 | DH101: =SUMIF($B$3:$CK$3,DH$4,$B101:$CK101) -> 204 | DI101: =SUMIF($B$3:$CK$3,DI$4,$B101:$CK101) -> 311 | ... EC101: =SUMIF($B$3:$CK$3,EC$4,$B101:$CK101) -> 12450 | EE101: =SUMIF($B$2:$CK$2,EE$4,$B101:$CK101) -> 153 | EF101: =SUMIF($B$2:$CK$2,EF$4,$B101:$CK101) -> 1115 | EG101: =SUMIF($B$2:$CK$2,EG$4,$B101:$CK101) -> 2050 | EH101: =SUMIF($B$2:$CK$2,EH$4,$B101:$CK101) -> 4536 | EI101: =SUMIF($B$2:$CK$2,EI$4,$B101:$CK101) -> 11674 | EJ101: =SUMIF($B$2:$CK$2,EJ$4,$B101:$CK101) -> 30223 | EK101: =SUMIF($B$2:$CK$2,EK$4,$B101:$CK101) -> 47337.565
A102: Mahindra | B102: ='Electric PV'!C36 -> 38 | C102: ='Electric PV'!D36 -> 69 | D102: ='Electric PV'!E36 -> 88 | E102: ='Electric PV'!F36 -> 28 | F102: ='Electric PV'!G36 -> 43 | G102: ='Electric PV'!H36 -> 14 | H102: ='Electric PV'!I36 -> 60 | I102: ='Electric PV'!J36 -> 28 | ... CI102: ='Electric PV'!CJ36 -> 2685.6522 | CL102: =SUMIFS($C102:$CK102,$C$3:$CK$3,CL$4,$C$1:$CK$1,"<="&_xlfn.XLOOKUP(MAX($C$4:$CK$4),$C$4:$CK$4,$C$1:$CK$1)) -> 6480.6522 | CM102: =SUMIF($A$3:$CK$3,CM$4,$A102:$CK102) -> 10589 | CN102: =SUMIF($A$3:$CK$3,CN$4,$A102:$CK102) -> 3403 | CP102: =CL102/SUMIFS($C102:$CK102,$C$3:$CK$3,CM$4,$C$1:$CK$1,"<="&_xlfn.XLOOKUP(MAX($C$4:$CK$4),$C$4:$CK$4,$C$1:$CK$1))-1 -> -0.11575219 | CQ102: =CL102/SUMIFS($C102:$CK102,$C$3:$CK$3,CN$4,$C$1:$CK$1,"<="&_xlfn.XLOOKUP(MAX($C$4:$CK$4),$C$4:$CK$4,$C$1:$CK$1))-1 -> 4.2095275 | DB102: =SUMIF($B$3:$CK$3,DB$4,$B102:$CK102) -> 195 | DC102: =SUMIF($B$3:$CK$3,DC$4,$B102:$CK102) -> 85 | DD102: =SUMIF($B$3:$CK$3,DD$4,$B102:$CK102) -> 178 | DE102: =SUMIF($B$3:$CK$3,DE$4,$B102:$CK102) -> 176 | DF102: =SUMIF($B$3:$CK$3,DF$4,$B102:$CK102) -> 354 | DG102: =SUMIF($B$3:$CK$3,DG$4,$B102:$CK102) -> 31 | DH102: =SUMIF($B$3:$CK$3,DH$4,$B102:$CK102) -> 12 | DI102: =SUMIF($B$3:$CK$3,DI$4,$B102:$CK102) -> 12 | ... EC102: =SUMIF($B$3:$CK$3,EC$4,$B102:$CK102) -> 10589 | EE102: =SUMIF($B$2:$CK$2,EE$4,$B102:$CK102) -> 793 | EF102: =SUMIF($B$2:$CK$2,EF$4,$B102:$CK102) -> 72 | EG102: =SUMIF($B$2:$CK$2,EG$4,$B102:$CK102) -> 156 | EH102: =SUMIF($B$2:$CK$2,EH$4,$B102:$CK102) -> 485 | EI102: =SUMIF($B$2:$CK$2,EI$4,$B102:$CK102) -> 6110 | EJ102: =SUMIF($B$2:$CK$2,EJ$4,$B102:$CK102) -> 8384 | EK102: =SUMIF($B$2:$CK$2,EK$4,$B102:$CK102) -> 36754.652
A103: Others | B103: =B104-SUM(B100:B102) -> 27 | C103: =C104-SUM(C100:C102) -> 120 | D103: =D104-SUM(D100:D102) -> 111 | E103: =E104-SUM(E100:E102) -> 60 | F103: =F104-SUM(F100:F102) -> 4 | G103: =G104-SUM(G100:G102) -> 3 | H103: =H104-SUM(H100:H102) -> 11 | I103: =I104-SUM(I100:I102) -> 58 | ... CI103: =CI104-SUM(CI100:CI102) -> 1887.5217 | CL103: =SUMIFS($C103:$CK103,$C$3:$CK$3,CL$4,$C$1:$CK$1,"<="&_xlfn.XLOOKUP(MAX($C$4:$CK$4),$C$4:$CK$4,$C$1:$CK$1)) -> 4020.5217 | CM103: =SUMIF($A$3:$CK$3,CM$4,$A103:$CK103) -> 6506 | CN103: =SUMIF($A$3:$CK$3,CN$4,$A103:$CK103) -> 4793 | CP103: =CL103/SUMIFS($C103:$CK103,$C$3:$CK$3,CM$4,$C$1:$CK$1,"<="&_xlfn.XLOOKUP(MAX($C$4:$CK$4),$C$4:$CK$4,$C$1:$CK$1))-1 -> -0.12862554 | CQ103: =CL103/SUMIFS($C103:$CK103,$C$3:$CK$3,CN$4,$C$1:$CK$1,"<="&_xlfn.XLOOKUP(MAX($C$4:$CK$4),$C$4:$CK$4,$C$1:$CK$1))-1 -> 0.42067906 | DB103: =SUMIF($B$3:$CK$3,DB$4,$B103:$CK103) -> 258 | DC103: =SUMIF($B$3:$CK$3,DC$4,$B103:$CK103) -> 67 | DD103: =SUMIF($B$3:$CK$3,DD$4,$B103:$CK103) -> 123 | DE103: =SUMIF($B$3:$CK$3,DE$4,$B103:$CK103) -> 142 | DF103: =SUMIF($B$3:$CK$3,DF$4,$B103:$CK103) -> 98 | DG103: =SUMIF($B$3:$CK$3,DG$4,$B103:$CK103) -> 24 | DH103: =SUMIF($B$3:$CK$3,DH$4,$B103:$CK103) -> 71 | DI103: =SUMIF($B$3:$CK$3,DI$4,$B103:$CK103) -> 118 | ... EC103: =SUMIF($B$3:$CK$3,EC$4,$B103:$CK103) -> 6506 | EE103: =SUMIF($B$2:$CK$2,EE$4,$B103:$CK103) -> 430 | EF103: =SUMIF($B$2:$CK$2,EF$4,$B103:$CK103) -> 321 | EG103: =SUMIF($B$2:$CK$2,EG$4,$B103:$CK103) -> 697 | EH103: =SUMIF($B$2:$CK$2,EH$4,$B103:$CK103) -> 3923 | EI103: =SUMIF($B$2:$CK$2,EI$4,$B103:$CK103) -> 8963 | EJ103: =SUMIF($B$2:$CK$2,EJ$4,$B103:$CK103) -> 11611 | EK103: =SUMIF($B$2:$CK$2,EK$4,$B103:$CK103) -> 21094.522
A104: Total | B104: ='Electric PV'!C30 -> 74 | C104: ='Electric PV'!D30 -> 226 | D104: ='Electric PV'!E30 -> 239 | E104: ='Electric PV'!F30 -> 115 | F104: ='Electric PV'!G30 -> 61 | G104: ='Electric PV'!H30 -> 57 | H104: ='Electric PV'!I30 -> 109 | I104: ='Electric PV'!J30 -> 96 | ... CI104: ='Electric PV'!CJ30 -> 13026.043 | CL104: =SUM(CL100:CL103) -> 32009.043 | CM104: =SUM(CM100:CM103) -> 50461 | CN104: =SUM(CN100:CN103) -> 34530 | CP104: =CL104/SUMIFS($C104:$CK104,$C$3:$CK$3,CM$4,$C$1:$CK$1,"<="&_xlfn.XLOOKUP(MAX($C$4:$CK$4),$C$4:$CK$4,$C$1:$CK$1))-1 -> -0.08117681 | CQ104: =CL104/SUMIFS($C104:$CK104,$C$3:$CK$3,CN$4,$C$1:$CK$1,"<="&_xlfn.XLOOKUP(MAX($C$4:$CK$4),$C$4:$CK$4,$C$1:$CK$1))-1 -> 0.50256037 | DB104: =SUMIF($B$3:$CK$3,DB$4,$B104:$CK104) -> 539 | DC104: =SUMIF($B$3:$CK$3,DC$4,$B104:$CK104) -> 233 | DD104: =SUMIF($B$3:$CK$3,DD$4,$B104:$CK104) -> 367 | DE104: =SUMIF($B$3:$CK$3,DE$4,$B104:$CK104) -> 509 | DF104: =SUMIF($B$3:$CK$3,DF$4,$B104:$CK104) -> 1193 | DG104: =SUMIF($B$3:$CK$3,DG$4,$B104:$CK104) -> 381 | DH104: =SUMIF($B$3:$CK$3,DH$4,$B104:$CK104) -> 1063 | DI104: =SUMIF($B$3:$CK$3,DI$4,$B104:$CK104) -> 1549 | ... EC104: =SUMIF($B$3:$CK$3,EC$4,$B104:$CK104) -> 50461 | EE104: =SUMIF($B$2:$CK$2,EE$4,$B104:$CK104) -> 2302 | EF104: =SUMIF($B$2:$CK$2,EF$4,$B104:$CK104) -> 5133 | EG104: =SUMIF($B$2:$CK$2,EG$4,$B104:$CK104) -> 18553 | EH104: =SUMIF($B$2:$CK$2,EH$4,$B104:$CK104) -> 47301 | EI104: =SUMIF($B$2:$CK$2,EI$4,$B104:$CK104) -> 90910 | EJ104: =SUMIF($B$2:$CK$2,EJ$4,$B104:$CK104) -> 107589 | EK104: =SUMIF($B$2:$CK$2,EK$4,$B104:$CK104) -> 174531.04
A106: Market share | B106: =B$4 -> 43466 | C106: =C$4 -> 43497 | D106: =D$4 -> 43525 | E106: =E$4 -> 43556 | F106: =F$4 -> 43586 | G106: =G$4 -> 43617 | H106: =H$4 -> 43647 | I106: =I$4 -> 43678 | ... CI106: =CI$4 -> 46054 | CL106: =CL88 -> 4Q26 | CM106: =CM88 -> 3Q26 | CN106: =CN88 -> 4Q25 | CP106: =CP88 -> QoQ Change | CQ106: =CQ88 -> YoY Change | CS106: =CS$4 -> Feb-26 vs Feb-25 | CT106: =CT$4 -> Feb-26 vs Mar-25 | CU106: =CU88 -> 45689 | CV106: =CV88 -> 46054 | CW106: =CW88 -> 45717
A107: Tata Motors | B107: =B100/B$104 -> 0.12162162 | C107: =C100/C$104 -> 0.16371681 | D107: =D100/D$104 -> 0.16736402 | E107: =E100/E$104 -> 0.23478261 | F107: =F100/F$104 -> 0.2295082 | G107: =G100/G$104 -> 0.70175439 | H107: =H100/H$104 -> 0.34862385 | I107: =I100/I$104 -> 0.10416667 | ... CI107: =CI100/CI$104 -> 0.40567225 | CL107: =CL100/CL$104 -> 0.42176532 | CM107: =CM100/CM$104 -> 0.41449833 | CN107: =CN100/CN$104 -> 0.40955691 | CP107: =(CL107-CM107)*10000 -> 72.669909 | CQ107: =(CL107-CN107)*10000 -> 122.08409 | CS107: =CY107&" bps" -> -130 bps | CT107: =CZ107&" bps" -> 335 bps | CU107: =ROUND(HLOOKUP(CU$106,$A$106:$CK$111,COUNTA($A$106:$A107),0)*10^4,0) -> 4187 | CV107: =ROUND(HLOOKUP(CV$106,$A$106:$CK$111,COUNTA($A$106:$A107),0)*10^4,0) -> 4057 | CW107: =ROUND(HLOOKUP(CW$106,$A$106:$CK$111,COUNTA($A$106:$A107),0)*10^4,0) -> 3722 | CY107: =CV107-CU107 -> -130 | CZ107: =CV107-CW107 -> 335 | DB107: =DB100/DB$104 -> 0.15955473 | DC107: =DC100/DC$104 -> 0.34763948 | DD107: =DD100/DD$104 -> 0.17983651 | DE107: =DE100/DE$104 -> 0.36149312 | DF107: =DF100/DF$104 -> 0.49874267 | DG107: =DG100/DG$104 -> 0.57217848 | DH107: =DH100/DH$104 -> 0.73000941 | DI107: =DI100/DI$104 -> 0.71530019 | ... EC107: =EC100/EC$104 -> 0.41449833 | EE107: =EE100/EE$104 -> 0.40225891 | EF107: =EF100/EF$104 -> 0.70621469 | EG107: =EG100/EG$104 -> 0.84352935 | EH107: =EH100/EH$104 -> 0.81091309 | EI107: =EI100/EI$104 -> 0.70578594 | EJ107: =EJ100/EJ$104 -> 0.53324225 | EK107: =EK100/EK$104 -> 0.39731788
A108: MG | B108: =B101/B$104 -> 0 | C108: =C101/C$104 -> 0 | D108: =D101/D$104 -> 0 | E108: =E101/E$104 -> 0 | F108: =F101/F$104 -> 0 | G108: =G101/G$104 -> 0 | H108: =H101/H$104 -> 0 | I108: =I101/I$104 -> 0 | ... CI108: =CI101/CI$104 -> 0.24324848 | CL108: =CL101/CL$104 -> 0.25016571 | CM108: =CM101/CM$104 -> 0.24672519 | CN108: =CN101/CN$104 -> 0.35308427 | CP108: =(CL108-CM108)*10000 -> 34.405203 | CQ108: =(CL108-CN108)*10000 -> -1029.1856 | CS108: =CY108&" bps" -> -1271 bps | CT108: =CZ108&" bps" -> -730 bps | CU108: =ROUND(HLOOKUP(CU$106,$A$106:$CK$111,COUNTA($A$106:$A108),0)*10^4,0) -> 3703 | CV108: =ROUND(HLOOKUP(CV$106,$A$106:$CK$111,COUNTA($A$106:$A108),0)*10^4,0) -> 2432 | CW108: =ROUND(HLOOKUP(CW$106,$A$106:$CK$111,COUNTA($A$106:$A108),0)*10^4,0) -> 3162 | CY108: =CV108-CU108 -> -1271 | CZ108: =CV108-CW108 -> -730 | DB108: =DB101/DB$104 -> 0 | DC108: =DC101/DC$104 -> 0 | DD108: =DD101/DD$104 -> 0 | DE108: =DE101/DE$104 -> 0.013752456 | DF108: =DF101/DF$104 -> 0.12238055 | DG108: =DG101/DG$104 -> 0.28346457 | DH108: =DH101/DH$104 -> 0.19190969 | DI108: =DI101/DI$104 -> 0.20077469 | ... EC108: =EC101/EC$104 -> 0.24672519 | EE108: =EE101/EE$104 -> 0.066463944 | EF108: =EF101/EF$104 -> 0.2172219 | EG108: =EG101/EG$104 -> 0.11049426 | EH108: =EH101/EH$104 -> 0.095896493 | EI108: =EI101/EI$104 -> 0.12841272 | EJ108: =EJ101/EJ$104 -> 0.28091162 | EK108: =EK101/EK$104 -> 0.27122719
A109: Mahindra | B109: =B102/B$104 -> 0.51351351 | C109: =C102/C$104 -> 0.30530973 | D109: =D102/D$104 -> 0.36820084 | E109: =E102/E$104 -> 0.24347826 | F109: =F102/F$104 -> 0.70491803 | G109: =G102/G$104 -> 0.24561404 | H109: =H102/H$104 -> 0.55045872 | I109: =I102/I$104 -> 0.29166667 | ... CI109: =CI102/CI$104 -> 0.20617559 | CL109: =CL102/CL$104 -> 0.20246316 | CM109: =CM102/CM$104 -> 0.20984523 | CN109: =CN102/CN$104 -> 0.098551984 | CP109: =(CL109-CM109)*10000 -> -73.820644 | CQ109: =(CL109-CN109)*10000 -> 1039.1118 | CS109: =CY109&" bps" -> 1523 bps | CT109: =CZ109&" bps" -> 430 bps | CU109: =ROUND(HLOOKUP(CU$106,$A$106:$CK$111,COUNTA($A$106:$A109),0)*10^4,0) -> 539 | CV109: =ROUND(HLOOKUP(CV$106,$A$106:$CK$111,COUNTA($A$106:$A109),0)*10^4,0) -> 2062 | CW109: =ROUND(HLOOKUP(CW$106,$A$106:$CK$111,COUNTA($A$106:$A109),0)*10^4,0) -> 1632 | CY109: =CV109-CU109 -> 1523 | CZ109: =CV109-CW109 -> 430 | DB109: =DB102/DB$104 -> 0.36178108 | DC109: =DC102/DC$104 -> 0.36480687 | DD109: =DD102/DD$104 -> 0.48501362 | DE109: =DE102/DE$104 -> 0.34577603 | DF109: =DF102/DF$104 -> 0.29673093 | DG109: =DG102/DG$104 -> 0.081364829 | DH109: =DH102/DH$104 -> 0.011288805 | DI109: =DI102/DI$104 -> 0.0077469335 | ... EC109: =EC102/EC$104 -> 0.20984523 | EE109: =EE102/EE$104 -> 0.34448306 | EF109: =EF102/EF$104 -> 0.014026885 | EG109: =EG102/EG$104 -> 0.0084083437 | EH109: =EH102/EH$104 -> 0.010253483 | EI109: =EI102/EI$104 -> 0.067209328 | EJ109: =EJ102/EJ$104 -> 0.077926182 | EK109: =EK102/EK$104 -> 0.21059092
A110: Others | B110: =B103/B$104 -> 0.36486486 | C110: =C103/C$104 -> 0.53097345 | D110: =D103/D$104 -> 0.46443515 | E110: =E103/E$104 -> 0.52173913 | F110: =F103/F$104 -> 0.06557377 | G110: =G103/G$104 -> 0.052631579 | H110: =H103/H$104 -> 0.10091743 | I110: =I103/I$104 -> 0.60416667 | ... CI110: =CI103/CI$104 -> 0.14490369 | CL110: =CL103/CL$104 -> 0.12560581 | CM110: =CM103/CM$104 -> 0.12893125 | CN110: =CN103/CN$104 -> 0.13880683 | CP110: =(CL110-CM110)*10000 -> -33.254468 | CQ110: =(CL110-CN110)*10000 -> -132.01028 | CS110: =CY110&" bps" -> -123 bps | CT110: =CZ110&" bps" -> -35 bps | CU110: =ROUND(HLOOKUP(CU$106,$A$106:$CK$111,COUNTA($A$106:$A110),0)*10^4,0) -> 1572 | CV110: =ROUND(HLOOKUP(CV$106,$A$106:$CK$111,COUNTA($A$106:$A110),0)*10^4,0) -> 1449 | CW110: =ROUND(HLOOKUP(CW$106,$A$106:$CK$111,COUNTA($A$106:$A110),0)*10^4,0) -> 1484 | CY110: =CV110-CU110 -> -123 | CZ110: =CV110-CW110 -> -35 | DB110: =DB103/DB$104 -> 0.47866419 | DC110: =DC103/DC$104 -> 0.28755365 | DD110: =DD103/DD$104 -> 0.33514986 | DE110: =DE103/DE$104 -> 0.27897839 | DF110: =DF103/DF$104 -> 0.082145851 | DG110: =DG103/DG$104 -> 0.062992126 | DH110: =DH103/DH$104 -> 0.066792098 | DI110: =DI103/DI$104 -> 0.076178179 | ... EC110: =EC103/EC$104 -> 0.12893125 | EE110: =EE103/EE$104 -> 0.18679409 | EF110: =EF103/EF$104 -> 0.062536528 | EG110: =EG103/EG$104 -> 0.037568048 | EH110: =EH103/EH$104 -> 0.082936936 | EI110: =EI103/EI$104 -> 0.098592014 | EJ110: =EJ103/EJ$104 -> 0.10791995 | EK110: =EK103/EK$104 -> 0.12086401
A111: Total | B111: =B104/B$104 -> 1 | C111: =C104/C$104 -> 1 | D111: =D104/D$104 -> 1 | E111: =E104/E$104 -> 1 | F111: =F104/F$104 -> 1 | G111: =G104/G$104 -> 1 | H111: =H104/H$104 -> 1 | I111: =I104/I$104 -> 1 | ... CI111: =CI104/CI$104 -> 1 | CL111: =CL104/CL$104 -> 1 | CM111: =CM104/CM$104 -> 1 | CN111: =CN104/CN$104 -> 1 | DB111: =DB104/DB$104 -> 1 | DC111: =DC104/DC$104 -> 1 | DD111: =DD104/DD$104 -> 1 | DE111: =DE104/DE$104 -> 1 | DF111: =DF104/DF$104 -> 1 | DG111: =DG104/DG$104 -> 1 | DH111: =DH104/DH$104 -> 1 | DI111: =DI104/DI$104 -> 1 | ... EC111: =EC104/EC$104 -> 1 | EE111: =EE104/EE$104 -> 1 | EF111: =EF104/EF$104 -> 1 | EG111: =EG104/EG$104 -> 1 | EH111: =EH104/EH$104 -> 1 | EI111: =EI104/EI$104 -> 1 | EJ111: =EJ104/EJ$104 -> 1 | EK111: =EK104/EK$104 -> 1
A113: PVs - CNG | B113: =B$4 -> 43466 | C113: =C$4 -> 43497 | D113: =D$4 -> 43525 | E113: =E$4 -> 43556 | F113: =F$4 -> 43586 | G113: =G$4 -> 43617 | H113: =H$4 -> 43647 | I113: =I$4 -> 43678 | ... CI113: =CI$4 -> 46054 | CL113: =CL99 -> 4Q26 | CM113: =CM99 -> 3Q26 | CN113: =CN99 -> 4Q25 | CP113: =CP99 -> QoQ Change | CQ113: =CQ99 -> YoY Change
A114: Honda | B114: ='PV CNG'!C19 -> 637 | C114: ='PV CNG'!D19 -> 587 | D114: ='PV CNG'!E19 -> 633 | E114: ='PV CNG'!F19 -> 672 | F114: ='PV CNG'!G19 -> 557 | G114: ='PV CNG'!H19 -> 443 | H114: ='PV CNG'!I19 -> 493 | I114: ='PV CNG'!J19 -> 481 | ... CI114: ='PV CNG'!CJ19 -> 11.347826 | CL114: =SUMIFS($C114:$CK114,$C$3:$CK$3,CL$4,$C$1:$CK$1,"<="&_xlfn.XLOOKUP(MAX($C$4:$CK$4),$C$4:$CK$4,$C$1:$CK$1)) -> 168.34783 | CM114: =SUMIF($A$3:$CK$3,CM$4,$A114:$CK114) -> 886 | CN114: =SUMIF($A$3:$CK$3,CN$4,$A114:$CK114) -> 812 | CP114: =CL114/SUMIFS($C114:$CK114,$C$3:$CK$3,CM$4,$C$1:$CK$1,"<="&_xlfn.XLOOKUP(MAX($C$4:$CK$4),$C$4:$CK$4,$C$1:$CK$1))-1 -> -0.78472145 | CQ114: =CL114/SUMIFS($C114:$CK114,$C$3:$CK$3,CN$4,$C$1:$CK$1,"<="&_xlfn.XLOOKUP(MAX($C$4:$CK$4),$C$4:$CK$4,$C$1:$CK$1))-1 -> -0.73021182 | DB114: =SUMIF($B$3:$CK$3,DB$4,$B114:$CK114) -> 1857 | DC114: =SUMIF($B$3:$CK$3,DC$4,$B114:$CK114) -> 1672 | DD114: =SUMIF($B$3:$CK$3,DD$4,$B114:$CK114) -> 1304 | DE114: =SUMIF($B$3:$CK$3,DE$4,$B114:$CK114) -> 1565 | DF114: =SUMIF($B$3:$CK$3,DF$4,$B114:$CK114) -> 783 | DG114: =SUMIF($B$3:$CK$3,DG$4,$B114:$CK114) -> 138 | DH114: =SUMIF($B$3:$CK$3,DH$4,$B114:$CK114) -> 308 | DI114: =SUMIF($B$3:$CK$3,DI$4,$B114:$CK114) -> 462 | ... EC114: =SUMIF($B$3:$CK$3,EC$4,$B114:$CK114) -> 886 | EE114: =SUMIF($B$2:$CK$2,EE$4,$B114:$CK114) -> 5324 | EF114: =SUMIF($B$2:$CK$2,EF$4,$B114:$CK114) -> 1271 | EG114: =SUMIF($B$2:$CK$2,EG$4,$B114:$CK114) -> 1144 | EH114: =SUMIF($B$2:$CK$2,EH$4,$B114:$CK114) -> 1001 | EI114: =SUMIF($B$2:$CK$2,EI$4,$B114:$CK114) -> 760 | EJ114: =SUMIF($B$2:$CK$2,EJ$4,$B114:$CK114) -> 2474 | EK114: =SUMIF($B$2:$CK$2,EK$4,$B114:$CK114) -> 2622.3478
A115: Hyundai | B115: ='PV CNG'!C20 -> 4541 | C115: ='PV CNG'!D20 -> 3487 | D115: ='PV CNG'!E20 -> 2876 | E115: ='PV CNG'!F20 -> 3101 | F115: ='PV CNG'!G20 -> 3236 | G115: ='PV CNG'!H20 -> 2675 | H115: ='PV CNG'!I20 -> 3062 | I115: ='PV CNG'!J20 -> 2800 | ... CI115: ='PV CNG'!CJ20 -> 7217.2174 | CL115: =SUMIFS($C115:$CK115,$C$3:$CK$3,CL$4,$C$1:$CK$1,"<="&_xlfn.XLOOKUP(MAX($C$4:$CK$4),$C$4:$CK$4,$C$1:$CK$1)) -> 18600.217 | CM115: =SUMIF($A$3:$CK$3,CM$4,$A115:$CK115) -> 27371 | CN115: =SUMIF($A$3:$CK$3,CN$4,$A115:$CK115) -> 21820 | CP115: =CL115/SUMIFS($C115:$CK115,$C$3:$CK$3,CM$4,$C$1:$CK$1,"<="&_xlfn.XLOOKUP(MAX($C$4:$CK$4),$C$4:$CK$4,$C$1:$CK$1))-1 -> -0.020525677 | CQ115: =CL115/SUMIFS($C115:$CK115,$C$3:$CK$3,CN$4,$C$1:$CK$1,"<="&_xlfn.XLOOKUP(MAX($C$4:$CK$4),$C$4:$CK$4,$C$1:$CK$1))-1 -> 0.20272987 | DB115: =SUMIF($B$3:$CK$3,DB$4,$B115:$CK115) -> 10904 | DC115: =SUMIF($B$3:$CK$3,DC$4,$B115:$CK115) -> 9012 | DD115: =SUMIF($B$3:$CK$3,DD$4,$B115:$CK115) -> 8061 | DE115: =SUMIF($B$3:$CK$3,DE$4,$B115:$CK115) -> 10082 | DF115: =SUMIF($B$3:$CK$3,DF$4,$B115:$CK115) -> 5920 | DG115: =SUMIF($B$3:$CK$3,DG$4,$B115:$CK115) -> 1585 | DH115: =SUMIF($B$3:$CK$3,DH$4,$B115:$CK115) -> 5298 | DI115: =SUMIF($B$3:$CK$3,DI$4,$B115:$CK115) -> 9084 | ... EC115: =SUMIF($B$3:$CK$3,EC$4,$B115:$CK115) -> 27371 | EE115: =SUMIF($B$2:$CK$2,EE$4,$B115:$CK115) -> 33075 | EF115: =SUMIF($B$2:$CK$2,EF$4,$B115:$CK115) -> 27485 | EG115: =SUMIF($B$2:$CK$2,EG$4,$B115:$CK115) -> 45369 | EH115: =SUMIF($B$2:$CK$2,EH$4,$B115:$CK115) -> 62449 | EI115: =SUMIF($B$2:$CK$2,EI$4,$B115:$CK115) -> 64710 | EJ115: =SUMIF($B$2:$CK$2,EJ$4,$B115:$CK115) -> 76384 | EK115: =SUMIF($B$2:$CK$2,EK$4,$B115:$CK115) -> 84940.217
A116: Maruti | B116: ='PV CNG'!C21 -> 17386 | C116: ='PV CNG'!D21 -> 13991 | D116: ='PV CNG'!E21 -> 13106 | E116: ='PV CNG'!F21 -> 15056 | F116: ='PV CNG'!G21 -> 15760 | G116: ='PV CNG'!H21 -> 12939 | H116: ='PV CNG'!I21 -> 13796 | I116: ='PV CNG'!J21 -> 12650 | ... CI116: ='PV CNG'!CJ21 -> 61588.435 | CL116: =SUMIFS($C116:$CK116,$C$3:$CK$3,CL$4,$C$1:$CK$1,"<="&_xlfn.XLOOKUP(MAX($C$4:$CK$4),$C$4:$CK$4,$C$1:$CK$1)) -> 144599.43 | CM116: =SUMIF($A$3:$CK$3,CM$4,$A116:$CK116) -> 201062 | CN116: =SUMIF($A$3:$CK$3,CN$4,$A116:$CK116) -> 166587 | CP116: =CL116/SUMIFS($C116:$CK116,$C$3:$CK$3,CM$4,$C$1:$CK$1,"<="&_xlfn.XLOOKUP(MAX($C$4:$CK$4),$C$4:$CK$4,$C$1:$CK$1))-1 -> -0.021051969 | CQ116: =CL116/SUMIFS($C116:$CK116,$C$3:$CK$3,CN$4,$C$1:$CK$1,"<="&_xlfn.XLOOKUP(MAX($C$4:$CK$4),$C$4:$CK$4,$C$1:$CK$1))-1 -> 0.22761408 | DB116: =SUMIF($B$3:$CK$3,DB$4,$B116:$CK116) -> 44483 | DC116: =SUMIF($B$3:$CK$3,DC$4,$B116:$CK116) -> 43755 | DD116: =SUMIF($B$3:$CK$3,DD$4,$B116:$CK116) -> 36820 | DE116: =SUMIF($B$3:$CK$3,DE$4,$B116:$CK116) -> 48535 | DF116: =SUMIF($B$3:$CK$3,DF$4,$B116:$CK116) -> 48787 | DG116: =SUMIF($B$3:$CK$3,DG$4,$B116:$CK116) -> 8612 | DH116: =SUMIF($B$3:$CK$3,DH$4,$B116:$CK116) -> 36954 | DI116: =SUMIF($B$3:$CK$3,DI$4,$B116:$CK116) -> 56315 | ... EC116: =SUMIF($B$3:$CK$3,EC$4,$B116:$CK116) -> 201062 | EE116: =SUMIF($B$2:$CK$2,EE$4,$B116:$CK116) -> 177897 | EF116: =SUMIF($B$2:$CK$2,EF$4,$B116:$CK116) -> 167409 | EG116: =SUMIF($B$2:$CK$2,EG$4,$B116:$CK116) -> 210684 | EH116: =SUMIF($B$2:$CK$2,EH$4,$B116:$CK116) -> 298517 | EI116: =SUMIF($B$2:$CK$2,EI$4,$B116:$CK116) -> 434954 | EJ116: =SUMIF($B$2:$CK$2,EJ$4,$B116:$CK116) -> 555588 | EK116: =SUMIF($B$2:$CK$2,EK$4,$B116:$CK116) -> 627812.43
A117: Tata Motors | B117: ='PV CNG'!C22 -> 918 | C117: ='PV CNG'!D22 -> 619 | D117: ='PV CNG'!E22 -> 556 | E117: ='PV CNG'!F22 -> 608 | F117: ='PV CNG'!G22 -> 531 | G117: ='PV CNG'!H22 -> 407 | H117: ='PV CNG'!I22 -> 446 | I117: ='PV CNG'!J22 -> 333 | ... CI117: ='PV CNG'!CJ22 -> 15097.652 | CL117: =SUMIFS($C117:$CK117,$C$3:$CK$3,CL$4,$C$1:$CK$1,"<="&_xlfn.XLOOKUP(MAX($C$4:$CK$4),$C$4:$CK$4,$C$1:$CK$1)) -> 33443.652 | CM117: =SUMIF($A$3:$CK$3,CM$4,$A117:$CK117) -> 55283 | CN117: =SUMIF($A$3:$CK$3,CN$4,$A117:$CK117) -> 42066 | CP117: =CL117/SUMIFS($C117:$CK117,$C$3:$CK$3,CM$4,$C$1:$CK$1,"<="&_xlfn.XLOOKUP(MAX($C$4:$CK$4),$C$4:$CK$4,$C$1:$CK$1))-1 -> -0.16672101 | CQ117: =CL117/SUMIFS($C117:$CK117,$C$3:$CK$3,CN$4,$C$1:$CK$1,"<="&_xlfn.XLOOKUP(MAX($C$4:$CK$4),$C$4:$CK$4,$C$1:$CK$1))-1 -> 0.23888321 | DB117: =SUMIF($B$3:$CK$3,DB$4,$B117:$CK117) -> 2093 | DC117: =SUMIF($B$3:$CK$3,DC$4,$B117:$CK117) -> 1546 | DD117: =SUMIF($B$3:$CK$3,DD$4,$B117:$CK117) -> 1062 | DE117: =SUMIF($B$3:$CK$3,DE$4,$B117:$CK117) -> 1360 | DF117: =SUMIF($B$3:$CK$3,DF$4,$B117:$CK117) -> 1368 | DG117: =SUMIF($B$3:$CK$3,DG$4,$B117:$CK117) -> 261 | DH117: =SUMIF($B$3:$CK$3,DH$4,$B117:$CK117) -> 693 | DI117: =SUMIF($B$3:$CK$3,DI$4,$B117:$CK117) -> 695 | ... EC117: =SUMIF($B$3:$CK$3,EC$4,$B117:$CK117) -> 55283 | EE117: =SUMIF($B$2:$CK$2,EE$4,$B117:$CK117) -> 5336 | EF117: =SUMIF($B$2:$CK$2,EF$4,$B117:$CK117) -> 2300 | EG117: =SUMIF($B$2:$CK$2,EG$4,$B117:$CK117) -> 9881 | EH117: =SUMIF($B$2:$CK$2,EH$4,$B117:$CK117) -> 43724 | EI117: =SUMIF($B$2:$CK$2,EI$4,$B117:$CK117) -> 83744 | EJ117: =SUMIF($B$2:$CK$2,EJ$4,$B117:$CK117) -> 129449 | EK117: =SUMIF($B$2:$CK$2,EK$4,$B117:$CK117) -> 155236.65
A118: Toyota | B118: ='PV CNG'!C23 -> 70 | C118: ='PV CNG'!D23 -> 36 | D118: ='PV CNG'!E23 -> 37 | E118: ='PV CNG'!F23 -> 45 | F118: ='PV CNG'!G23 -> 42 | G118: ='PV CNG'!H23 -> 43 | H118: ='PV CNG'!I23 -> 56 | I118: ='PV CNG'!J23 -> 32 | ... CI118: ='PV CNG'!CJ23 -> 3747.3043 | CL118: =SUMIFS($C118:$CK118,$C$3:$CK$3,CL$4,$C$1:$CK$1,"<="&_xlfn.XLOOKUP(MAX($C$4:$CK$4),$C$4:$CK$4,$C$1:$CK$1)) -> 8474.3043 | CM118: =SUMIF($A$3:$CK$3,CM$4,$A118:$CK118) -> 9914 | CN118: =SUMIF($A$3:$CK$3,CN$4,$A118:$CK118) -> 8059 | CP118: =CL118/SUMIFS($C118:$CK118,$C$3:$CK$3,CM$4,$C$1:$CK$1,"<="&_xlfn.XLOOKUP(MAX($C$4:$CK$4),$C$4:$CK$4,$C$1:$CK$1))-1 -> 0.22284334 | CQ118: =CL118/SUMIFS($C118:$CK118,$C$3:$CK$3,CN$4,$C$1:$CK$1,"<="&_xlfn.XLOOKUP(MAX($C$4:$CK$4),$C$4:$CK$4,$C$1:$CK$1))-1 -> 0.5181484 | DB118: =SUMIF($B$3:$CK$3,DB$4,$B118:$CK118) -> 143 | DC118: =SUMIF($B$3:$CK$3,DC$4,$B118:$CK118) -> 130 | DD118: =SUMIF($B$3:$CK$3,DD$4,$B118:$CK118) -> 138 | DE118: =SUMIF($B$3:$CK$3,DE$4,$B118:$CK118) -> 166 | DF118: =SUMIF($B$3:$CK$3,DF$4,$B118:$CK118) -> 127 | DG118: =SUMIF($B$3:$CK$3,DG$4,$B118:$CK118) -> 25 | DH118: =SUMIF($B$3:$CK$3,DH$4,$B118:$CK118) -> 60 | DI118: =SUMIF($B$3:$CK$3,DI$4,$B118:$CK118) -> 126 | ... EC118: =SUMIF($B$3:$CK$3,EC$4,$B118:$CK118) -> 9914 | EE118: =SUMIF($B$2:$CK$2,EE$4,$B118:$CK118) -> 561 | EF118: =SUMIF($B$2:$CK$2,EF$4,$B118:$CK118) -> 337 | EG118: =SUMIF($B$2:$CK$2,EG$4,$B118:$CK118) -> 417 | EH118: =SUMIF($B$2:$CK$2,EH$4,$B118:$CK118) -> 2065 | EI118: =SUMIF($B$2:$CK$2,EI$4,$B118:$CK118) -> 7974 | EJ118: =SUMIF($B$2:$CK$2,EJ$4,$B118:$CK118) -> 21769 | EK118: =SUMIF($B$2:$CK$2,EK$4,$B118:$CK118) -> 31245.304
A119: Others | B119: =B120-SUM(B114:B118) -> 548 | C119: =C120-SUM(C114:C118) -> 386 | D119: =D120-SUM(D114:D118) -> 392 | E119: =E120-SUM(E114:E118) -> 398 | F119: =F120-SUM(F114:F118) -> 403 | G119: =G120-SUM(G114:G118) -> 310 | H119: =H120-SUM(H114:H118) -> 334 | I119: =I120-SUM(I114:I118) -> 339 | ... CI119: =CI120-SUM(CI114:CI118) -> 15.130435 | CL119: =SUMIFS($C119:$CK119,$C$3:$CK$3,CL$4,$C$1:$CK$1,"<="&_xlfn.XLOOKUP(MAX($C$4:$CK$4),$C$4:$CK$4,$C$1:$CK$1)) -> 258.13043 | CM119: =SUMIF($A$3:$CK$3,CM$4,$A119:$CK119) -> 851 | CN119: =SUMIF($A$3:$CK$3,CN$4,$A119:$CK119) -> 375 | CP119: =CL119/SUMIFS($C119:$CK119,$C$3:$CK$3,CM$4,$C$1:$CK$1,"<="&_xlfn.XLOOKUP(MAX($C$4:$CK$4),$C$4:$CK$4,$C$1:$CK$1))-1 -> -0.6599072 | CQ119: =CL119/SUMIFS($C119:$CK119,$C$3:$CK$3,CN$4,$C$1:$CK$1,"<="&_xlfn.XLOOKUP(MAX($C$4:$CK$4),$C$4:$CK$4,$C$1:$CK$1))-1 -> 0.14217007 | DB119: =SUMIF($B$3:$CK$3,DB$4,$B119:$CK119) -> 1326 | DC119: =SUMIF($B$3:$CK$3,DC$4,$B119:$CK119) -> 1111 | DD119: =SUMIF($B$3:$CK$3,DD$4,$B119:$CK119) -> 973 | DE119: =SUMIF($B$3:$CK$3,DE$4,$B119:$CK119) -> 1408 | DF119: =SUMIF($B$3:$CK$3,DF$4,$B119:$CK119) -> 1121 | DG119: =SUMIF($B$3:$CK$3,DG$4,$B119:$CK119) -> 187 | DH119: =SUMIF($B$3:$CK$3,DH$4,$B119:$CK119) -> 244 | DI119: =SUMIF($B$3:$CK$3,DI$4,$B119:$CK119) -> 364 | ... EC119: =SUMIF($B$3:$CK$3,EC$4,$B119:$CK119) -> 851 | EE119: =SUMIF($B$2:$CK$2,EE$4,$B119:$CK119) -> 4613 | EF119: =SUMIF($B$2:$CK$2,EF$4,$B119:$CK119) -> 1182 | EG119: =SUMIF($B$2:$CK$2,EG$4,$B119:$CK119) -> 1308 | EH119: =SUMIF($B$2:$CK$2,EH$4,$B119:$CK119) -> 1237 | EI119: =SUMIF($B$2:$CK$2,EI$4,$B119:$CK119) -> 983 | EJ119: =SUMIF($B$2:$CK$2,EJ$4,$B119:$CK119) -> 1022 | EK119: =SUMIF($B$2:$CK$2,EK$4,$B119:$CK119) -> 2894.1304
A120: Total | B120: ='PV CNG'!C15 -> 24100 | C120: ='PV CNG'!D15 -> 19106 | D120: ='PV CNG'!E15 -> 17600 | E120: ='PV CNG'!F15 -> 19880 | F120: ='PV CNG'!G15 -> 20529 | G120: ='PV CNG'!H15 -> 16817 | H120: ='PV CNG'!I15 -> 18187 | I120: ='PV CNG'!J15 -> 16635 | ... CI120: ='PV CNG'!CJ15 -> 87677.087 | CL120: =SUM(CL114:CL119) -> 205544.09 | CM120: =SUM(CM114:CM119) -> 295367 | CN120: =SUM(CN114:CN119) -> 239719 | CP120: =CL120/SUMIFS($C120:$CK120,$C$3:$CK$3,CM$4,$C$1:$CK$1,"<="&_xlfn.XLOOKUP(MAX($C$4:$CK$4),$C$4:$CK$4,$C$1:$CK$1))-1 -> -0.045335283 | CQ120: =CL120/SUMIFS($C120:$CK120,$C$3:$CK$3,CN$4,$C$1:$CK$1,"<="&_xlfn.XLOOKUP(MAX($C$4:$CK$4),$C$4:$CK$4,$C$1:$CK$1))-1 -> 0.23315847 | DB120: =SUMIF($B$3:$CK$3,DB$4,$B120:$CK120) -> 60806 | DC120: =SUMIF($B$3:$CK$3,DC$4,$B120:$CK120) -> 57226 | DD120: =SUMIF($B$3:$CK$3,DD$4,$B120:$CK120) -> 48358 | DE120: =SUMIF($B$3:$CK$3,DE$4,$B120:$CK120) -> 63116 | DF120: =SUMIF($B$3:$CK$3,DF$4,$B120:$CK120) -> 58106 | DG120: =SUMIF($B$3:$CK$3,DG$4,$B120:$CK120) -> 10808 | DH120: =SUMIF($B$3:$CK$3,DH$4,$B120:$CK120) -> 43557 | DI120: =SUMIF($B$3:$CK$3,DI$4,$B120:$CK120) -> 67046 | ... EC120: =SUMIF($B$3:$CK$3,EC$4,$B120:$CK120) -> 295367 | EE120: =SUMIF($B$2:$CK$2,EE$4,$B120:$CK120) -> 226806 | EF120: =SUMIF($B$2:$CK$2,EF$4,$B120:$CK120) -> 199984 | EG120: =SUMIF($B$2:$CK$2,EG$4,$B120:$CK120) -> 268803 | EH120: =SUMIF($B$2:$CK$2,EH$4,$B120:$CK120) -> 408993 | EI120: =SUMIF($B$2:$CK$2,EI$4,$B120:$CK120) -> 593125 | EJ120: =SUMIF($B$2:$CK$2,EJ$4,$B120:$CK120) -> 786686 | EK120: =SUMIF($B$2:$CK$2,EK$4,$B120:$CK120) -> 904751.09
...

Sheet Text_Summary
A1: =Summary!A158 & " mkt share in " & TEXT(Summary!BW$4,"MMmM") & " at " & TEXT(Summary!CI158,"0.0%") & " vs " & TEXT(Summary!CH158,"0.0%") & " in " & TEXT(Summary!CH$4,"mmmm YYYY") & " & " & TEXT(Summary!BW158,"0.0%") & " in " & TEXT(Summary!BW$4,"mmmm yyy") -> Hero MotoCorp mkt share in February at 26.8% vs 26.5% in January 2026 & 28.4% in February 2025
A2: =Summary!A159 & " mkt share in " & TEXT(Summary!BW$4,"MMmM") & " at " & TEXT(Summary!CI159,"0.0%") & " vs " & TEXT(Summary!CH159,"0.0%") & " in " & TEXT(Summary!CH$4,"mmmm YYYY") & " & " & TEXT(Summary!BW159,"0.0%") & " in " & TEXT(Summary!BW$4,"mmmm yyy") -> Honda mkt share in February at 25.4% vs 25.5% in January 2026 & 24.2% in February 2025
A3: =Summary!A163 & " mkt share in " & TEXT(Summary!BW$4,"MMmM") & " at " & TEXT(Summary!CI163,"0.0%") & " vs " & TEXT(Summary!CH163,"0.0%") & " in " & TEXT(Summary!CH$4,"mmmm YYYY") & " & " & TEXT(Summary!BW163,"0.0%") & " in " & TEXT(Summary!BW$4,"mmmm yyy") -> TVS mkt share in February at 20.1% vs 19.7% in January 2026 & 18.8% in February 2025
A4: =_xlfn.CONCAT(Summary!A187," / ",Summary!A183," / ", Summary!A186, " E2W mkt share at ", TEXT(Summary!CI187,"0.0%")," / ", TEXT(Summary!CI183,"0.0%")," / ", TEXT(Summary!CI186,"0.0%")," in ", TEXT(Summary!CI4,"mmmm")," vs ", TEXT(Summary!CH187,"0.0%")," / ", TEXT(Summary!CH183,"0.0%")," / ", TEXT(Summary!CH186,"0.0%")," in ",TEXT(Summary!CH4,"mmmm yyy")," & ",TEXT(Summary!BW187,"0.0%")," / ", TEXT(Summary!BW183,"0.0%")," / ", TEXT(Summary!BW186,"0.0%")," in ",TEXT(Summary!BW4,"mmmm yyy")) -> TVS Motor / Bajaj Auto / Ola Electric E2W mkt share at 29.2% / 22.6% / 4.0% in February vs 28.2% / 20.8% / 6.1% in January 2026 & 24.7% / 28.1% / 11.3% in February 2025
A5: =Summary!A182 & " mkt share in " & TEXT(Summary!BW$4,"MMmM") & " at " & TEXT(Summary!CI182,"0.0%") & " vs " & TEXT(Summary!CH182,"0.0%") & " in " & TEXT(Summary!CH$4,"mmmm YYYY") & " & " & TEXT(Summary!BW182,"0.0%") & " in " & TEXT(Summary!BW$4,"mmmm yyy") -> Ather Energy mkt share in February at 18.4% vs 17.9% in January 2026 & 15.6% in February 2025
A6: =Summary!A89 & " PV mkt share in " & TEXT(Summary!BW$4,"MMmM") & " at " & TEXT(Summary!CI89,"0.0%") & " vs " & TEXT(Summary!CH89,"0.0%") & " in " & TEXT(Summary!CH$4,"mmmm YYYY") & " & " & TEXT(Summary!BW89,"0.0%") & " in " & TEXT(Summary!BW$4,"mmmm yyy") -> Maruti PV mkt share in February at 40.0% vs 42.3% in January 2026 & 39.1% in February 2025
A7: =Summary!A91 & " PV mkt share in " & TEXT(Summary!BW$4,"MMmM") & " at " & TEXT(Summary!CI91,"0.0%") & " vs " & TEXT(Summary!CH91,"0.0%") & " in " & TEXT(Summary!CH$4,"mmmm YYYY") & " & " & TEXT(Summary!BW91,"0.0%") & " in " & TEXT(Summary!BW$4,"mmmm yyy") -> Hyundai PV mkt share in February at 12.0% vs 13.0% in January 2026 & 12.8% in February 2025
A8: =Summary!A93 & " PV mkt share in " & TEXT(Summary!BW$4,"MMmM") & " at " & TEXT(Summary!CI93,"0.0%") & " vs " & TEXT(Summary!CH93,"0.0%") & " in " & TEXT(Summary!CH$4,"mmmm YYYY") & " & " & TEXT(Summary!BW93,"0.0%") & " in " & TEXT(Summary!BW$4,"mmmm yyy") -> M&M PV mkt share in February at 13.7% vs 12.5% in January 2026 & 13.6% in February 2025
A9: =Summary!A109 & " EV mkt share in " & TEXT(Summary!BW$4,"MMmM") & " at " & TEXT(Summary!CI109,"0.0%") & " vs " & TEXT(Summary!CH109,"0.0%") & " in " & TEXT(Summary!CH$4,"mmmm YYYY") & " & " & TEXT(Summary!BW109,"0.0%") & " in " & TEXT(Summary!BW$4,"mmmm yyy") -> Mahindra EV mkt share in February at 20.6% vs 20.0% in January 2026 & 5.4% in February 2025
A10: =Summary!A32 & " EV penetration in " & TEXT(Summary!BW$4,"MMmM") & " at " & TEXT(Summary!CI32,"0.0%") & " vs " & TEXT(Summary!CH32,"0.0%") & " in " & TEXT(Summary!CH$4,"mmmm YYYY") & " & " & TEXT(Summary!BW32,"0.0%") & " in " & TEXT(Summary!BW$4,"mmmm yyy") -> PVs EV penetration in February at 3.5% vs 3.7% in January 2026 & 3.1% in February 2025
A11: =Summary!A33 & " EV penetration in " & TEXT(Summary!BW$4,"MMmM") & " at " & TEXT(Summary!CI33,"0.0%") & " vs " & TEXT(Summary!CH33,"0.0%") & " in " & TEXT(Summary!CH$4,"mmmm YYYY") & " & " & TEXT(Summary!BW33,"0.0%") & " in " & TEXT(Summary!BW$4,"mmmm yyy") -> 2Ws EV penetration in February at 6.4% vs 6.6% in January 2026 & 5.6% in February 2025
A12: =Summary!A34 & " EV penetration in " & TEXT(Summary!BW$4,"MMmM") & " at " & TEXT(Summary!CI34,"0.0%") & " vs " & TEXT(Summary!CH34,"0.0%") & " in " & TEXT(Summary!CH$4,"mmmm YYYY") & " & " & TEXT(Summary!BW34,"0.0%") & " in " & TEXT(Summary!BW$4,"mmmm yyy") -> 3Ws EV penetration in February at 30.7% vs 31.5% in January 2026 & 25.9% in February 2025
A13: =Summary!A36 & " in " & TEXT(Summary!BW$4,"MMmM") & " at " & TEXT(Summary!CI36,"0.0%") & " vs " & TEXT(Summary!CH36,"0.0%") & " in " & TEXT(Summary!CH$4,"mmmm YYYY") & " & " & TEXT(Summary!BW36,"0.0%") & " in " & TEXT(Summary!BW$4,"mmmm yyy") -> CNG PV Penetration in February at 23.6% vs 22.9% in January 2026 & 20.3% in February 2025
A14: =Summary!A37 & " in " & TEXT(Summary!BW$4,"MMmM") & " at " & TEXT(Summary!CI37,"0.0%") & " vs " & TEXT(Summary!CH37,"0.0%") & " in " & TEXT(Summary!CH$4,"mmmm YYYY") & " & " & TEXT(Summary!BW37,"0.0%") & " in " & TEXT(Summary!BW$4,"mmmm yyy") -> Strong Hybrids PV Penetration in February at 2.2% vs 2.2% in January 2026 & 2.4% in February 2025

Sheet PV
B1: 2025\06 - June | CW1: =(DAY(EOMONTH(TODAY(),0))+1)/(DAY(TODAY())-1) -> 32 | CX1: Gross-up factor
B2: 06.03.2025 | BK2: 16 | BL2: =BK2+1 -> 17 | BM2: =BL2+1 -> 18 | BN2: =BM2+1 -> 19 | BO2: =BN2+1 -> 20 | BP2: =BO2+1 -> 21 | BQ2: =BP2+1 -> 22 | BR2: =BQ2+1 -> 23 | BS2: =BR2+1 -> 24 | ... BV2: =BU2+1 -> 27 | BW2: =MONTH(BW3)+1 -> 2 | BX2: =MONTH(BX3)+1 -> 3 | BY2: =MONTH(BY3)+1 -> 4 | BZ2: =MONTH(BZ3)+1 -> 5 | CA2: =MONTH(CA3)+1 -> 6 | CB2: =MONTH(CB3)+1 -> 7 | CC2: =MONTH(CC3)+1 -> 8 | CD2: =MONTH(CD3)+1 -> 9 | ... CH2: =MONTH(CH3)+1 -> 13 | CI2: =IF(MONTH(TODAY())=MONTH(CI3),"",MONTH(CI3)+1) -> 2 | CJ2: =IF(MONTH(TODAY())=MONTH(CJ3)-1,MONTH(CJ3)+2,IF(MONTH(TODAY())=MONTH(CJ3),"",MONTH(CJ3)+1)) -> 3 | CK2: =IF(MONTH(TODAY())=MONTH(CK3)-1,MONTH(CK3)+2,IF(MONTH(TODAY())=MONTH(CK3),"",MONTH(CK3)+1)) | CL2: =IF(MONTH(TODAY())=MONTH(CL3)-1,MONTH(CL3)+2,IF(MONTH(TODAY())=MONTH(CL3),"",MONTH(CL3)+1)) -> 6 | CM2: =IF(MONTH(TODAY())=MONTH(CM3)-1,MONTH(CM3)+2,IF(MONTH(TODAY())=MONTH(CM3),"",MONTH(CM3)+1)) -> 6 | CN2: =IF(MONTH(TODAY())=MONTH(CN3)-1,MONTH(CN3)+2,IF(MONTH(TODAY())=MONTH(CN3),"",MONTH(CN3)+1)) -> 7 | CO2: =IF(MONTH(TODAY())=MONTH(CO3)-1,MONTH(CO3)+2,IF(MONTH(TODAY())=MONTH(CO3),"",MONTH(CO3)+1)) -> 8 | CP2: =IF(MONTH(TODAY())=MONTH(CP3)-1,MONTH(CP3)+2,IF(MONTH(TODAY())=MONTH(CP3),"",MONTH(CP3)+1)) -> 9 | CQ2: =IF(MONTH(TODAY())=MONTH(CQ3)-1,MONTH(CQ3)+2,IF(MONTH(TODAY())=MONTH(CQ3),"",MONTH(CQ3)+1)) -> 10 | ... CT2: =IF(MONTH(TODAY())=MONTH(CT3)-1,MONTH(CT3)+2,IF(MONTH(TODAY())=MONTH(CT3),"",MONTH(CT3)+1)) -> 13 | CW2: =MONTH(TODAY())+1 -> 4
C3: 43466 | D3: =EOMONTH(C3,0)+1 -> 43497 | E3: 43555 | F3: 43585 | G3: 43616 | H3: 43646 | I3: 43677 | J3: 43708 | K3: 43738 | L3: 43769 | M3: 43799 | N3: 43830 | O3: 43861 | P3: 43890 | Q3: 43921 | R3: 43951 | S3: 43982 | T3: 44012 | U3: 44043 | V3: 44074 | W3: 44104 | X3: 44135 | Y3: 44165 | Z3: 44196 | AA3: 44227 | AB3: 44255 | AC3: 44286 | AD3: 44316 | AE3: 44347 | AF3: 44377 | AG3: 44408 | AH3: 44439 | AI3: 44469 | AJ3: 44500 | AK3: 44530 | AL3: 44561 | AM3: 44592 | AN3: 44620 | AO3: 44651 | AP3: 44681 | AQ3: 44712 | AR3: 44742 | AS3: 44773 | AT3: 44804 | AU3: 44834 | AV3: 44865 | AW3: 44895 | AX3: 44926 | AY3: 44957 | AZ3: =EOMONTH(AY3,1) -> 44985 | BA3: =EOMONTH(AZ3,1) -> 45016 | BB3: =EOMONTH(BA3,1) -> 45046 | BC3: =EOMONTH(BB3,1) -> 45077 | BD3: =EOMONTH(BC3,1) -> 45107 | BE3: =EOMONTH(BD3,1) -> 45138 | BF3: =EOMONTH(BE3,1) -> 45169 | BG3: =EOMONTH(BF3,1) -> 45199 | ... BV3: =EOMONTH(BU3,1) -> 45657 | BW3: 45688 | BX3: =EOMONTH(BW3,1) -> 45716 | BY3: =EOMONTH(BX3,1) -> 45747 | BZ3: =EOMONTH(BY3,1) -> 45777 | CA3: =EOMONTH(BZ3,1) -> 45808 | CB3: =EOMONTH(CA3,1) -> 45838 | CC3: =EOMONTH(CB3,1) -> 45869 | CD3: =EOMONTH(CC3,1) -> 45900 | CE3: =EOMONTH(CD3,1) -> 45930 | ... CT3: =EOMONTH(CS3,1) -> 46387 | CW3: MTD | CY3: YTD
B4: TATA MOTORS LTD | C4: 20866 | D4: 15230 | E4: 16095 | F4: 17014 | G4: 16267 | H4: 13261 | I4: 13108 | J4: 10960 | K4: 9475 | L4: 13367 | M4: 14221 | N4: 11347 | O4: 17203 | P4: 13259 | Q4: 16753 | R4: 2415 | S4: 1968 | T4: 9217 | U4: 13950 | V4: 15388 | W4: 17004 | X4: 19778 | Y4: 23846 | Z4: 21592 | AA4: 25198 | AB4: 22632 | AC4: 26743 | AD4: 20221 | AE4: 9957 | AF4: 22353 | AG4: 27149 | AH4: 27711 | AI4: 25304 | AJ4: 27502 | AK4: 31351 | AL4: 33291 | AM4: 26497 | AN4: 6333 | AO4: 2089 | AP4: 991 | AQ4: 731 | AR4: 542 | AS4: 453 | AT4: 332 | AU4: 255 | AV4: 184 | AW4: 203 | AX4: 298 | AY4: 316 | AZ4: 225 | BA4: 349 | BB4: 253 | BC4: 164 | BD4: 108 | BE4: 119 | BF4: 136 | BG4: 98 | BH4: 92 | BI4: 102 | BJ4: 98 | BK4: 118 | BL4: 97 | BM4: 89 | BN4: 86 | BO4: 68 | BP4: 118 | BQ4: 113 | BR4: 94 | BS4: 67 | BT4: 63 | BU4: 60 | BV4: 40 | BW4: 78 | BX4: 34 | BY4: 61 | BZ4: 44 | CA4: 80 | CB4: 122 | CC4: 100 | CD4: 77 | CE4: 42 | CF4: 67 | CG4: 57 | CH4: 51 | CI4: 70 | CJ4: 49.173913 | CK4: 0 | CL4: 0 | CM4: 0 | CN4: 0 | CO4: 0 | CP4: 0 | CQ4: 0 | CR4: 0 | CS4: 0 | CT4: 0 | CW4: 39 | CY4: =SUMIFS($C4:$CV4,$C$3:$CV$3,">="&DATE(2026,1,1),$C$3:$CV$3,"<="&DATE(2026,12,31),$C$2:$CV$2,">"&0)+$CW4 -> 158.17391
B5: TATA MOTORS PASSENGER VEHICLES LTD | C5: 0 | D5: 0 | E5: 0 | F5: 0 | G5: 0 | H5: 0 | I5: 0 | J5: 0 | K5: 0 | L5: 0 | M5: 0 | N5: 0 | O5: 0 | P5: 0 | Q5: 0 | R5: 0 | S5: 0 | T5: 0 | U5: 0 | V5: 0 | W5: 0 | X5: 0 | Y5: 0 | Z5: 0 | AA5: 0 | AB5: 0 | AC5: 0 | AD5: 0 | AE5: 0 | AF5: 0 | AG5: 0 | AH5: 0 | AI5: 0 | AJ5: 0 | AK5: 3 | AL5: 0 | AM5: 7981 | AN5: 27570 | AO5: 34597 | AP5: 35552 | AQ5: 34747 | AR5: 36466 | AS5: 35935 | AT5: 38582 | AU5: 37601 | AV5: 49855 | AW5: 40636 | AX5: 36534 | AY5: 44787 | AZ5: 38886 | BA5: 46485 | BB5: 40779 | BC5: 37575 | BD5: 34679 | BE5: 33460 | BF5: 34296 | BG5: 34637 | BH5: 43588 | BI5: 49062 | BJ5: 38881 | BK5: 47641 | BL5: 39776 | BM5: 38344 | BN5: 40455 | BO5: 35738 | BP5: 32370 | BQ5: 37918 | BR5: 34291 | BS5: 27933 | BT5: 59066 | BU5: 37589 | BV5: 33115 | BW5: 48734 | BX5: 34715 | BY5: 43676 | BZ5: 38970 | CA5: 31569 | CB5: 29598 | CC5: 33281 | CD5: 30573 | CE5: 35040 | CF5: 68573 | CG5: 46396 | CH5: 45281 | CI5: 55200 | CJ5: 45948.609 | CK5: 0 | CL5: 0 | CM5: 0 | CN5: 0 | CO5: 0 | CP5: 0 | CQ5: 0 | CR5: 0 | CS5: 0 | CT5: 0 | CW5: 36442 | CY5: =SUMIFS($C5:$CV5,$C$3:$CV$3,">="&DATE(2026,1,1),$C$3:$CV$3,"<="&DATE(2026,12,31),$C$2:$CV$2,">"&0)+$CW5 -> 137590.61
B6: TATA PASSENGER ELECTRIC MOBILITY LTD | C6: 0 | D6: 0 | E6: 0 | F6: 0 | G6: 0 | H6: 0 | I6: 0 | J6: 0 | K6: 0 | L6: 0 | M6: 0 | N6: 0 | O6: 0 | P6: 0 | Q6: 0 | R6: 0 | S6: 0 | T6: 0 | U6: 0 | V6: 0 | W6: 0 | X6: 0 | Y6: 0 | Z6: 0 | AA6: 0 | AB6: 0 | AC6: 0 | AD6: 0 | AE6: 0 | AF6: 0 | AG6: 0 | AH6: 0 | AI6: 0 | AJ6: 0 | AK6: 0 | AL6: 0 | AM6: 0 | AN6: 0 | AO6: 0 | AP6: 0 | AQ6: 0 | AR6: 0 | AS6: 0 | AT6: 0 | AU6: 0 | AV6: 0 | AW6: 0 | AX6: 0 | AY6: 0 | AZ6: 0 | BA6: 0 | BB6: 482 | BC6: 4242 | BD6: 4849 | BE6: 5053 | BF6: 4476 | BG6: 4110 | BH6: 5369 | BI6: 4980 | BJ6: 4907 | BK6: 5599 | BL6: 5026 | BM6: 7011 | BN6: 5121 | BO6: 5248 | BP6: 4554 | BQ6: 5037 | BR6: 4308 | BS6: 3796 | BT6: 6540 | BU6: 4358 | BV6: 4039 | BW6: 5262 | BX6: 3925 | BY6: 4900 | BZ6: 4762 | CA6: 4606 | CB6: 4956 | CC6: 6296 | CD6: 7513 | CE6: 6715 | CF6: 7693 | CG6: 6463 | CH6: 6731 | CI6: 8205 | CJ6: 5276.7391 | CK6: 0 | CL6: 0 | CM6: 0 | CN6: 0 | CO6: 0 | CP6: 0 | CQ6: 0 | CR6: 0 | CS6: 0 | CT6: 0 | CW6: 4185 | CY6: =SUMIFS($C6:$CV6,$C$3:$CV$3,">="&DATE(2026,1,1),$C$3:$CV$3,"<="&DATE(2026,12,31),$C$2:$CV$2,">"&0)+$CW6 -> 17666.739
B7: MARUTI SUZUKI INDIA LTD | C7: 159587 | D7: 118284 | E7: 127156 | F7: 120832 | G7: 123329 | H7: 104852 | I7: 104948 | J7: 93963 | K7: 88583 | L7: 142246 | M7: 144450 | N7: 105814 | O7: 158983 | P7: 121626 | Q7: 100225 | R7: 8546 | S7: 17001 | T7: 70262 | U7: 85950 | V7: 96449 | W7: 106344 | X7: 134196 | Y7: 156708 | Z7: 143484 | AA7: 149633 | AB7: 127812 | AC7: 140247 | AD7: 101247 | AE7: 38048 | AF7: 81796 | AG7: 123439 | AH7: 116893 | AI7: 106137 | AJ7: 97788 | AK7: 108656 | AL7: 111004 | AM7: 128952 | AN7: 109762 | AO7: 118573 | AP7: 113720 | AQ7: 118899 | AR7: 114729 | AS7: 106101 | AT7: 116170 | AU7: 110604 | AV7: 149197 | AW7: 124437 | AX7: 117644 | AY7: 151213 | AZ7: 119823 | BA7: 138334 | BB7: 110455 | BC7: 119429 | BD7: 122315 | BE7: 118874 | BF7: 135504 | BG7: 141148 | BH7: 147599 | BI7: 152930 | BJ7: 119765 | BK7: 175339 | BL7: 132971 | BM7: 128294 | BN7: 139018 | BO7: 123096 | BP7: 115804 | BQ7: 132289 | BR7: 127008 | BS7: 115415 | BT7: 203035 | BU7: 129858 | BV7: 116621 | BW7: 214280 | BX7: 119855 | BY7: 134225 | BZ7: 140683 | CA7: 119156 | CB7: 118582 | CC7: 130863 | CD7: 130021 | CE7: 126120 | CF7: 243441 | CG7: 157517 | CH7: 151783 | CI7: 217767 | CJ7: 148873.39 | CK7: 0 | CL7: 0 | CM7: 0 | CN7: 0 | CO7: 0 | CP7: 0 | CQ7: 0 | CR7: 0 | CS7: 0 | CT7: 0 | CW7: 118072 | CY7: =SUMIFS($C7:$CV7,$C$3:$CV$3,">="&DATE(2026,1,1),$C$3:$CV$3,"<="&DATE(2026,12,31),$C$2:$CV$2,">"&0)+$CW7 -> 484712.39
B8: HYUNDAI MOTOR INDIA LTD | C8: 54730 | D8: 40556 | E8: 38926 | F8: 37939 | G8: 40223 | H8: 38787 | I8: 42210 | J8: 38903 | K8: 33996 | L8: 51057 | M8: 53946 | N8: 42745 | O8: 49849 | P8: 38801 | Q8: 36351 | R8: 3513 | S8: 6226 | T8: 25963 | U8: 32692 | V8: 39077 | W8: 39603 | X8: 47343 | Y8: 52797 | Z8: 51798 | AA8: 53978 | AB8: 48713 | AC8: 51320 | AD8: 36216 | AE8: 17299 | AF8: 38141 | AG8: 49220 | AH8: 48335 | AI8: 44586 | AJ8: 42005 | AK8: 40705 | AL8: 41750 | AM8: 38027 | AN8: 38669 | AO8: 43720 | AP8: 41118 | AQ8: 41676 | AR8: 39812 | AS8: 43448 | AT8: 46321 | AU8: 41705 | AV8: 51482 | AW8: 45694 | AX8: 41860 | AY8: 46723 | AZ8: 39821 | BA8: 46792 | BB8: 42741 | BC8: 46322 | BD8: 44046 | BE8: 41864 | BF8: 48260 | BG8: 50581 | BH8: 52111 | BI8: 51214 | BJ8: 40193 | BK8: 52856 | BL8: 47500 | BM8: 44488 | BN8: 49181 | BO8: 45445 | BP8: 39157 | BQ8: 44227 | BR8: 43388 | BS8: 38765 | BT8: 70067 | BU8: 44949 | BV8: 39631 | BW8: 61446 | BX8: 39327 | BY8: 43945 | BZ8: 45133 | CA8: 39271 | CB8: 39363 | CC8: 43964 | CD8: 43275 | CE8: 37073 | CF8: 67354 | CG8: 50586 | CH8: 49110 | CI8: 66778 | CJ8: 44578.043 | CK8: 0 | CL8: 0 | CM8: 0 | CN8: 0 | CO8: 0 | CP8: 0 | CQ8: 0 | CR8: 0 | CS8: 0 | CT8: 0 | CW8: 35355 | CY8: =SUMIFS($C8:$CV8,$C$3:$CV$3,">="&DATE(2026,1,1),$C$3:$CV$3,"<="&DATE(2026,12,31),$C$2:$CV$2,">"&0)+$CW8 -> 146711.04
B9: MAHINDRA & MAHINDRA LIMITED | C9: 20436 | D9: 18711 | E9: 21785 | F9: 20696 | G9: 20877 | H9: 17912 | I9: 17651 | J9: 14329 | K9: 11894 | L9: 16572 | M9: 19029 | N9: 14036 | O9: 18971 | P9: 17848 | Q9: 19540 | R9: 3235 | S9: 694 | T9: 5003 | U9: 8345 | V9: 9566 | W9: 11523 | X9: 12862 | Y9: 16914 | Z9: 16730 | AA9: 16023 | AB9: 15420 | AC9: 16509 | AD9: 12036 | AE9: 5472 | AF9: 13437 | AG9: 17149 | AH9: 17234 | AI9: 15469 | AJ9: 14413 | AK9: 18716 | AL9: 18948 | AM9: 19595 | AN9: 18009 | AO9: 23527 | AP9: 23403 | AQ9: 20878 | AR9: 20439 | AS9: 20661 | AT9: 23350 | AU9: 24020 | AV9: 32791 | AW9: 29460 | AX9: 27299 | AY9: 34785 | AZ9: 30152 | BA9: 33125 | BB9: 30439 | BC9: 33649 | BD9: 30799 | BE9: 29549 | BF9: 32106 | BG9: 34117 | BH9: 36927 | BI9: 41217 | BJ9: 32354 | BK9: 42796 | BL9: 39341 | BM9: 39319 | BN9: 38350 | BO9: 34149 | BP9: 36360 | BQ9: 39312 | BR9: 39976 | BS9: 35269 | BT9: 61125 | BU9: 43708 | BV9: 35414 | BW9: 54079 | BX9: 41692 | BY9: 46690 | BZ9: 47842 | CA9: 42673 | CB9: 39413 | CC9: 40422 | CD9: 41527 | CE9: 36076 | CF9: 67190 | CG9: 53220 | CH9: 45513 | CI9: 60569 | CJ9: 48407.304 | CK9: 0 | CL9: 0 | CM9: 0 | CN9: 0 | CO9: 0 | CP9: 0 | CQ9: 0 | CR9: 0 | CS9: 0 | CT9: 0 | CW9: 38392 | CY9: =SUMIFS($C9:$CV9,$C$3:$CV$3,">="&DATE(2026,1,1),$C$3:$CV$3,"<="&DATE(2026,12,31),$C$2:$CV$2,">"&0)+$CW9 -> 147368.3
B10: MAHINDRA ELECTRIC AUTOMOBILE LTD | BW10: 21 | BX10: 55 | BY10: 1827 | BZ10: 2965 | CA10: 2614 | CB10: 3035 | CC10: 2758 | CD10: 3497 | CE10: 3413 | CF10: 4027 | CG10: 2985 | CH10: 3046 | CI10: 3521 | CJ10: 2557.0435 | CK10: 0 | CL10: 0 | CM10: 0 | CN10: 0 | CO10: 0 | CP10: 0 | CQ10: 0 | CR10: 0 | CS10: 0 | CT10: 0 | CW10: 2028 | CY10: =SUMIFS($C10:$CV10,$C$3:$CV$3,">="&DATE(2026,1,1),$C$3:$CV$3,"<="&DATE(2026,12,31),$C$2:$CV$2,">"&0)+$CW10 -> 8106.0435
B11: TOYOTA KIRLOSKAR MOTOR PVT LTD | C11: 12854 | D11: 9604 | E11: 10281 | F11: 9759 | G11: 9874 | H11: 9075 | I11: 9982 | J11: 9325 | K11: 8082 | L11: 10891 | M11: 10642 | N11: 8137 | O11: 9323 | P11: 6363 | Q11: 7479 | R11: 711 | S11: 1371 | T11: 4402 | U11: 4583 | V11: 4854 | W11: 5420 | X11: 7275 | Y11: 9576 | Z11: 8010 | AA11: 8833 | AB11: 10483 | AC11: 13335 | AD11: 9058 | AE11: 2871 | AF11: 5549 | AG11: 10170 | AH11: 11070 | AI11: 10745 | AJ11: 10884 | AK11: 10743 | AL11: 11493 | AM11: 11113 | AN11: 7847 | AO11: 10906 | AP11: 13190 | AQ11: 11794 | AR11: 12479 | AS11: 12842 | AT11: 15131 | AU11: 13007 | AV11: 13755 | AW11: 12528 | AX11: 10378 | AY11: 11315 | AZ11: 12695 | BA11: 16253 | BB11: 13677 | BC11: 14606 | BD11: 14906 | BE11: 14970 | BF11: 16803 | BG11: 17443 | BH11: 18217 | BI11: 17013 | BJ11: 14322 | BK11: 20273 | BL11: 19502 | BM11: 18554 | BN11: 19237 | BO11: 18319 | BP11: 18625 | BQ11: 21847 | BR11: 22356 | BS11: 19807 | BT11: 29055 | BU11: 20561 | BV11: 18987 | BW11: 29477 | BX11: 21983 | BY11: 24133 | BZ11: 24527 | CA11: 22930 | CB11: 23484 | CC11: 26025 | CD11: 25946 | CE11: 21485 | CF11: 36270 | CG11: 28453 | CH11: 26426 | CI11: 35360 | CJ11: 25381.304 | CK11: 0 | CL11: 0 | CM11: 0 | CN11: 0 | CO11: 0 | CP11: 0 | CQ11: 0 | CR11: 0 | CS11: 0 | CT11: 0 | CW11: 20130 | CY11: =SUMIFS($C11:$CV11,$C$3:$CV$3,">="&DATE(2026,1,1),$C$3:$CV$3,"<="&DATE(2026,12,31),$C$2:$CV$2,">"&0)+$CW11 -> 80871.304
B12: KIA MOTORS INDIA PVT LTD | C12: 0 | D12: 0 | E12: 0 | F12: 0 | G12: 0 | H12: 1 | I12: 0 | J12: 159 | K12: 3083 | L12: 8862 | M12: 10571 | N12: 10340 | O12: 9958 | P12: 10306 | Q12: 9554 | R12: 291 | S12: 1875 | T12: 5958 | U12: 7265 | V12: 7792 | W12: 8357 | X12: 16788 | Y12: 18886 | Z12: 18293 | AA12: 14929 | AB12: 15173 | AC12: 15754 | AD12: 11709 | AE12: 5240 | AF12: 15028 | AG12: 16064 | AH12: 14045 | AI12: 13391 | AJ12: 14352 | AK12: 12923 | AL12: 12287 | AM12: 9815 | AN12: 13609 | AO12: 17408 | AP12: 17093 | AQ12: 17339 | AR12: 18692 | AS12: 18110 | AT12: 20102 | AU12: 19078 | AV12: 22918 | AW12: 19902 | AX12: 18459 | AY12: 19725 | AZ12: 20113 | BA12: 21551 | BB12: 17046 | BC12: 17255 | BD12: 17114 | BE12: 14711 | BF12: 18934 | BG12: 21622 | BH12: 21926 | BI12: 20759 | BJ12: 16176 | BK12: 0 | BL12: 0 | BM12: 0 | BN12: 0 | BO12: 0 | BP12: 0 | BQ12: 0 | BR12: 0 | BS12: 0 | BT12: 0 | BU12: 0 | BV12: 0 | BW12: 0 | BX12: 0 | BY12: 0 | BZ12: 0 | CA12: 0 | CB12: 0 | CC12: 0 | CD12: 0 | CE12: 0 | CF12: 0 | CG12: 0 | CH12: 0 | CI12: 0 | CJ12: 0 | CK12: 0 | CL12: 0 | CM12: 0 | CN12: 0 | CO12: 0 | CP12: 0 | CQ12: 0 | CR12: 0 | CS12: 0 | CT12: 0 | CW12: 0 | CY12: =SUMIFS($C12:$CV12,$C$3:$CV$3,">="&DATE(2026,1,1),$C$3:$CV$3,"<="&DATE(2026,12,31),$C$2:$CV$2,">"&0)+$CW12 -> 0
B13: KIA INDIA PRIVATE LIMITED | BK13: 19530 | BL13: 20897 | BM13: 20062 | BN13: 19787 | BO13: 19373 | BP13: 16803 | BQ13: 19416 | BR13: 19270 | BS13: 16022 | BT13: 29714 | BU13: 18978 | BV13: 17541 | BW13: 22898 | BX13: 19469 | BY13: 22814 | BZ13: 22333 | CA13: 17399 | CB13: 18584 | CC13: 20027 | CD13: 18902 | CE13: 17406 | CF13: 34170 | CG13: 24406 | CH13: 20955 | CI13: 30546 | CJ13: 24608.391 | CK13: 0 | CL13: 0 | CM13: 0 | CN13: 0 | CO13: 0 | CP13: 0 | CQ13: 0 | CR13: 0 | CS13: 0 | CT13: 0 | CW13: 19517 | CY13: =SUMIFS($C13:$CV13,$C$3:$CV$3,">="&DATE(2026,1,1),$C$3:$CV$3,"<="&DATE(2026,12,31),$C$2:$CV$2,">"&0)+$CW13 -> 74671.391
B14: RENAULT INDIA PVT LTD | C14: 7575 | D14: 6116 | E14: 6682 | F14: 5978 | G14: 6093 | H14: 4987 | I14: 4543 | J14: 4402 | K14: 5287 | L14: 8515 | M14: 9989 | N14: 8670 | O14: 11456 | P14: 9002 | Q14: 9854 | R14: 1258 | S14: 998 | T14: 3984 | U14: 5294 | V14: 6166 | W14: 7044 | X14: 7743 | Y14: 9582 | Z14: 9666 | AA14: 10328 | AB14: 7138 | AC14: 9567 | AD14: 7333 | AE14: 2512 | AF14: 5898 | AG14: 8314 | AH14: 8183 | AI14: 8457 | AJ14: 8984 | AK14: 9318 | AL14: 7977 | AM14: 7688 | AN14: 6376 | AO14: 6816 | AP14: 6829 | AQ14: 6800 | AR14: 6070 | AS14: 5788 | AT14: 6271 | AU14: 5986 | AV14: 7858 | AW14: 6369 | AX14: 5896 | AY14: 7321 | AZ14: 4938 | BA14: 5203 | BB14: 4171 | BC14: 4400 | BD14: 4304 | BE14: 3897 | BF14: 3980 | BG14: 3585 | BH14: 4156 | BI14: 3938 | BJ14: 2964 | BK14: 3869 | BL14: 3582 | BM14: 3707 | BN14: 4033 | BO14: 3661 | BP14: 2996 | BQ14: 3112 | BR14: 3022 | BS14: 2737 | BT14: 4474 | BU14: 2979 | BV14: 2397 | BW14: 3960 | BX14: 2541 | BY14: 2643 | BZ14: 2864 | CA14: 2464 | CB14: 2575 | CC14: 2305 | CD14: 2610 | CE14: 2557 | CF14: 5115 | CG14: 3429 | CH14: 3325 | CI14: 4858 | CJ14: 3210.1739 | CK14: 0 | CL14: 0 | CM14: 0 | CN14: 0 | CO14: 0 | CP14: 0 | CQ14: 0 | CR14: 0 | CS14: 0 | CT14: 0 | CW14: 2546 | CY14: =SUMIFS($C14:$CV14,$C$3:$CV$3,">="&DATE(2026,1,1),$C$3:$CV$3,"<="&DATE(2026,12,31),$C$2:$CV$2,">"&0)+$CW14 -> 10614.174
B15: HONDA CARS INDIA LTD | C15: 16722 | D15: 12796 | E15: 13981 | F15: 14370 | G15: 12947 | H15: 10634 | I15: 11503 | J15: 9814 | K15: 8166 | L15: 12497 | M15: 11312 | N15: 8694 | O15: 9999 | P15: 6956 | Q15: 6327 | R15: 556 | S15: 748 | T15: 3000 | U15: 3619 | V15: 5219 | W15: 6147 | X15: 8699 | Y15: 10685 | Z15: 10261 | AA15: 9555 | AB15: 8992 | AC15: 9195 | AD15: 5752 | AE15: 2432 | AF15: 5126 | AG15: 7300 | AH15: 6864 | AI15: 7745 | AJ15: 8941 | AK15: 8321 | AL15: 7483 | AM15: 7541 | AN15: 8283 | AO15: 7641 | AP15: 7395 | AQ15: 7800 | AR15: 7323 | AS15: 6208 | AT15: 6725 | AU15: 6236 | AV15: 7843 | AW15: 6798 | AX15: 6960 | AY15: 7598 | AZ15: 5862 | BA15: 6462 | BB15: 5678 | BC15: 5178 | BD15: 4722 | BE15: 4433 | BF15: 4733 | BG15: 7037 | BH15: 8559 | BI15: 8534 | BJ15: 8097 | BK15: 9377 | BL15: 6765 | BM15: 6474 | BN15: 6241 | BO15: 4905 | BP15: 4332 | BQ15: 5032 | BR15: 4958 | BS15: 4024 | BT15: 7370 | BU15: 4613 | BV15: 4777 | BW15: 7963 | BX15: 5347 | BY15: 5142 | BZ15: 5046 | CA15: 4258 | CB15: 4021 | CC15: 4576 | CD15: 4218 | CE15: 3523 | CF15: 7497 | CG15: 5412 | CH15: 5699 | CI15: 5965 | CJ15: 4700.5217 | CK15: 0 | CL15: 0 | CM15: 0 | CN15: 0 | CO15: 0 | CP15: 0 | CQ15: 0 | CR15: 0 | CS15: 0 | CT15: 0 | CW15: 3728 | CY15: =SUMIFS($C15:$CV15,$C$3:$CV$3,">="&DATE(2026,1,1),$C$3:$CV$3,"<="&DATE(2026,12,31),$C$2:$CV$2,">"&0)+$CW15 -> 14393.522
B16: SKODA AUTO INDIA PVT LTD | C16: 1587 | D16: 1133 | E16: 1177 | F16: 1190 | G16: 1163 | H16: 1004 | I16: 1091 | J16: 1158 | K16: 980 | L16: 1325 | M16: 1261 | N16: 1319 | O16: 1743 | P16: 1411 | Q16: 1618 | R16: 310 | S16: 0 | T16: 3 | U16: 12 | V16: 17 | W16: 84 | X16: 42 | Y16: 42 | Z16: 26 | AA16: 31 | AB16: 35 | AC16: 29 | AD16: 24 | AE16: 3 | AF16: 25 | AG16: 29 | AH16: 46 | AI16: 102 | AJ16: 69 | AK16: 69 | AL16: 69 | AM16: 63 | AN16: 89 | AO16: 87 | AP16: 107 | AQ16: 197 | AR16: 129 | AS16: 96 | AT16: 66 | AU16: 4 | AV16: 3 | AW16: 1 | AX16: 3 | AY16: 3 | AZ16: 2 | BA16: 3 | BB16: 0 | BC16: 4 | BD16: 1 | BE16: 1 | BF16: 1 | BG16: 2 | BH16: 4 | BI16: 3 | BJ16: 0 | BK16: 2 | BL16: 3 | BM16: 3 | BN16: 1 | BO16: 0 | BP16: 1 | BQ16: 1 | BR16: 1 | BS16: 2 | BT16: 0 | BU16: 0 | BV16: 0 | BW16: 0 | BX16: 0 | BY16: 0 | BZ16: 0 | CA16: 0 | CB16: 1 | CC16: 0 | CD16: 0 | CE16: 1 | CF16: 0 | CG16: 0 | CH16: 0 | CI16: 0 | CJ16: 0 | CK16: 0 | CL16: 0 | CM16: 0 | CN16: 0 | CO16: 0 | CP16: 0 | CQ16: 0 | CR16: 0 | CS16: 0 | CT16: 0 | CW16: 0 | CY16: =SUMIFS($C16:$CV16,$C$3:$CV$3,">="&DATE(2026,1,1),$C$3:$CV$3,"<="&DATE(2026,12,31),$C$2:$CV$2,">"&0)+$CW16 -> 0
B17: SKODA AUTO VOLKSWAGEN INDIA PVT LTD | C17: 1 | D17: 3 | E17: 1 | F17: 0 | G17: 1 | H17: 0 | I17: 1 | J17: 0 | K17: 0 | L17: 1 | M17: 7 | N17: 10 | O17: 16 | P17: 13 | Q17: 27 | R17: 2 | S17: 74 | T17: 910 | U17: 1577 | V17: 1784 | W17: 1874 | X17: 2571 | Y17: 2894 | Z17: 2218 | AA17: 2749 | AB17: 2605 | AC17: 3162 | AD17: 2317 | AE17: 551 | AF17: 1626 | AG17: 3518 | AH17: 4277 | AI17: 3896 | AJ17: 4731 | AK17: 4926 | AL17: 4950 | AM17: 5552 | AN17: 5386 | AO17: 7184 | AP17: 7832 | AQ17: 7365 | AR17: 7129 | AS17: 6508 | AT17: 6671 | AU17: 6227 | AV17: 7594 | AW17: 6599 | AX17: 6984 | AY17: 8726 | AZ17: 6969 | BA17: 8156 | BB17: 6875 | BC17: 6683 | BD17: 6813 | BE17: 7150 | BF17: 7905 | BG17: 8163 | BH17: 8162 | BI17: 7935 | BJ17: 7169 | BK17: 9014 | BL17: 5896 | BM17: 5814 | BN17: 6721 | BO17: 6521 | BP17: 5652 | BQ17: 6466 | BR17: 6235 | BS17: 5388 | BT17: 8930 | BU17: 5849 | BV17: 6330 | BW17: 9506 | BX17: 6742 | BY17: 9439 | BZ17: 10017 | CA17: 8694 | CB17: 7985 | CC17: 8309 | CD17: 8455 | CE17: 6899 | CF17: 12764 | CG17: 9584 | CH17: 9423 | CI17: 9977 | CJ17: 7359.6957 | CK17: 0 | CL17: 0 | CM17: 0 | CN17: 0 | CO17: 0 | CP17: 0 | CQ17: 0 | CR17: 0 | CS17: 0 | CT17: 0 | CW17: 5837 | CY17: =SUMIFS($C17:$CV17,$C$3:$CV$3,">="&DATE(2026,1,1),$C$3:$CV$3,"<="&DATE(2026,12,31),$C$2:$CV$2,">"&0)+$CW17 -> 23173.696
B18: JSW MG MOTOR INDIA PVT LTD | C18: 0 | D18: 1 | E18: 0 | F18: 0 | G18: 2 | H18: 0 | I18: 710 | J18: 1778 | K18: 1970 | L18: 2586 | M18: 2459 | N18: 2417 | O18: 2758 | P18: 2505 | Q18: 1827 | R18: 87 | S18: 268 | T18: 1156 | U18: 1360 | V18: 1696 | W18: 1849 | X18: 2477 | Y18: 3184 | Z18: 3131 | AA18: 3476 | AB18: 3734 | AC18: 4411 | AD18: 2890 | AE18: 1170 | AF18: 2775 | AG18: 3683 | AH18: 3387 | AI18: 2890 | AJ18: 2792 | AK18: 2659 | AL18: 2702 | AM18: 3341 | AN18: 3567 | AO18: 3583 | AP18: 2822 | AQ18: 2758 | AR18: 3388 | AS18: 3040 | AT18: 3382 | AU18: 3143 | AV18: 3813 | AW18: 3810 | AX18: 3133 | AY18: 3425 | AZ18: 3775 | BA18: 4909 | BB18: 4346 | BC18: 4193 | BD18: 4459 | BE18: 4363 | BF18: 4284 | BG18: 4024 | BH18: 4290 | BI18: 4256 | BJ18: 3474 | BK18: 4537 | BL18: 3915 | BM18: 3792 | BN18: 4263 | BO18: 4472 | BP18: 3835 | BQ18: 4108 | BR18: 4111 | BS18: 3058 | BT18: 5867 | BU18: 5170 | BV18: 5420 | BW18: 6754 | BX18: 4839 | BY18: 5534 | BZ18: 5270 | CA18: 5361 | CB18: 5325 | CC18: 6333 | CD18: 6126 | CE18: 5085 | CF18: 6155 | CG18: 4609 | CH18: 4373 | CI18: 6094 | CJ18: 4390.3478 | CK18: 0 | CL18: 0 | CM18: 0 | CN18: 0 | CO18: 0 | CP18: 0 | CQ18: 0 | CR18: 0 | CS18: 0 | CT18: 0 | CW18: 3482 | CY18: =SUMIFS($C18:$CV18,$C$3:$CV$3,">="&DATE(2026,1,1),$C$3:$CV$3,"<="&DATE(2026,12,31),$C$2:$CV$2,">"&0)+$CW18 -> 13966.348
B19: NISSAN MOTOR INDIA PVT LTD | C19: 2868 | D19: 2522 | E19: 2791 | F19: 2517 | G19: 2625 | H19: 2018 | I19: 2203 | J19: 1922 | K19: 1724 | L19: 1778 | M19: 2010 | N19: 1588 | O19: 2326 | P19: 2055 | Q19: 3851 | R19: 1150 | S19: 4 | T19: 87 | U19: 291 | V19: 437 | W19: 821 | X19: 711 | Y19: 871 | Z19: 781 | AA19: 2000 | AB19: 2689 | AC19: 3451 | AD19: 2662 | AE19: 1116 | AF19: 2442 | AG19: 3957 | AH19: 3870 | AI19: 3132 | AJ19: 2983 | AK19: 3371 | AL19: 3378 | AM19: 3368 | AN19: 3170 | AO19: 3050 | AP19: 2439 | AQ19: 2260 | AR19: 2339 | AS19: 2418 | AT19: 2756 | AU19: 2322 | AV19: 2939 | AW19: 2668 | AX19: 2324 | AY19: 2890 | AZ19: 2275 | BA19: 2703 | BB19: 2290 | BC19: 2318 | BD19: 2213 | BE19: 1992 | BF19: 2013 | BG19: 2176 | BH19: 2299 | BI19: 2518 | BJ19: 2129 | BK19: 2828 | BL19: 2461 | BM19: 2128 | BN19: 2253 | BO19: 2074 | BP19: 1600 | BQ19: 1876 | BR19: 2009 | BS19: 2164 | BT19: 2709 | BU19: 2395 | BV19: 1666 | BW19: 2600 | BX19: 1742 | BY19: 1800 | BZ19: 1902 | CA19: 1601 | CB19: 1394 | CC19: 1551 | CD19: 1496 | CE19: 1370 | CF19: 2642 | CG19: 2001 | CH19: 1783 | CI19: 2430 | CJ19: 1611.3913 | CK19: 0 | CL19: 0 | CM19: 0 | CN19: 0 | CO19: 0 | CP19: 0 | CQ19: 0 | CR19: 0 | CS19: 0 | CT19: 0 | CW19: 1278 | CY19: =SUMIFS($C19:$CV19,$C$3:$CV$3,">="&DATE(2026,1,1),$C$3:$CV$3,"<="&DATE(2026,12,31),$C$2:$CV$2,">"&0)+$CW19 -> 5319.3913
B20: FIAT INDIA AUTOMOBILES PVT LTD | C20: 1427 | D20: 1141 | E20: 1283 | F20: 1201 | G20: 1056 | H20: 841 | I20: 882 | J20: 762 | K20: 638 | L20: 816 | M20: 833 | N20: 667 | O20: 891 | P20: 678 | Q20: 799 | R20: 84 | S20: 56 | T20: 202 | U20: 281 | V20: 334 | W20: 451 | X20: 593 | Y20: 749 | Z20: 603 | AA20: 452 | AB20: 317 | AC20: 1053 | AD20: 769 | AE20: 331 | AF20: 788 | AG20: 941 | AH20: 1061 | AI20: 1018 | AJ20: 1180 | AK20: 1061 | AL20: 984 | AM20: 874 | AN20: 803 | AO20: 927 | AP20: 974 | AQ20: 922 | AR20: 1146 | AS20: 1174 | AT20: 1102 | AU20: 1089 | AV20: 1095 | AW20: 1023 | AX20: 806 | AY20: 877 | AZ20: 697 | BA20: 828 | BB20: 694 | BC20: 666 | BD20: 583 | BE20: 528 | BF20: 523 | BG20: 427 | BH20: 481 | BI20: 524 | BJ20: 502 | BK20: 0 | BL20: 0 | BM20: 0 | BN20: 0 | BO20: 0 | BP20: 0 | BQ20: 0 | BR20: 0 | BS20: 0 | BT20: 0 | BU20: 0 | BV20: 0 | BW20: 0 | BX20: 0 | BY20: 0 | BZ20: 0 | CA20: 0 | CB20: 0 | CC20: 0 | CD20: 0 | CE20: 0 | CF20: 0 | CG20: 0 | CH20: 0 | CI20: 0 | CJ20: 0 | CK20: 0 | CL20: 0 | CM20: 0 | CN20: 0 | CO20: 0 | CP20: 0 | CQ20: 0 | CR20: 0 | CS20: 0 | CT20: 0 | CW20: 0 | CY20: =SUMIFS($C20:$CV20,$C$3:$CV$3,">="&DATE(2026,1,1),$C$3:$CV$3,"<="&DATE(2026,12,31),$C$2:$CV$2,">"&0)+$CW20 -> 0
B21: FORCE MOTORS LIMITED, A FIRODIA ENTERPRISE | C21: 210 | D21: 229 | E21: 262 | F21: 219 | G21: 195 | H21: 136 | I21: 182 | J21: 187 | K21: 147 | L21: 162 | M21: 208 | N21: 150 | O21: 255 | P21: 189 | Q21: 221 | R21: 27 | S21: 2 | T21: 1 | U21: 9 | V21: 22 | W21: 35 | X21: 49 | Y21: 82 | Z21: 61 | AA21: 81 | AB21: 85 | AC21: 109 | AD21: 48 | AE21: 12 | AF21: 24 | AG21: 50 | AH21: 41 | AI21: 36 | AJ21: 51 | AK21: 75 | AL21: 97 | AM21: 132 | AN21: 92 | AO21: 105 | AP21: 124 | AQ21: 145 | AR21: 147 | AS21: 133 | AT21: 111 | AU21: 141 | AV21: 136 | AW21: 131 | AX21: 118 | AY21: 178 | AZ21: 215 | BA21: 167 | BB21: 77 | BC21: 54 | BD21: 18 | BE21: 43 | BF21: 74 | BG21: 67 | BH21: 59 | BI21: 36 | BJ21: 57 | BK21: 0 | BL21: 0 | BM21: 0 | BN21: 0 | BO21: 0 | BP21: 0 | BQ21: 0 | BR21: 0 | BS21: 0 | BT21: 0 | BU21: 0 | BV21: 0 | BW21: 0 | BX21: 0 | BY21: 0 | BZ21: 0 | CA21: 0 | CB21: 0 | CC21: 0 | CD21: 0 | CE21: 0 | CF21: 0 | CG21: 0 | CH21: 0 | CI21: 0 | CJ21: 0 | CK21: 0 | CL21: 0 | CM21: 0 | CN21: 0 | CO21: 0 | CP21: 0 | CQ21: 0 | CR21: 0 | CS21: 0 | CT21: 0 | CW21: 0 | CY21: =SUMIFS($C21:$CV21,$C$3:$CV$3,">="&DATE(2026,1,1),$C$3:$CV$3,"<="&DATE(2026,12,31),$C$2:$CV$2,">"&0)+$CW21 -> 0
B22: FORD INDIA PVT LTD | C22: 8285 | D22: 5576 | E22: 6484 | F22: 6658 | G22: 6493 | H22: 5515 | I22: 6157 | J22: 5941 | K22: 4689 | L22: 6942 | M22: 7055 | N22: 5580 | O22: 5384 | P22: 3867 | Q22: 4862 | R22: 463 | S22: 785 | T22: 2997 | U22: 3472 | V22: 3660 | W22: 3623 | X22: 4998 | Y22: 6384 | Z22: 5244 | AA22: 3590 | AB22: 3903 | AC22: 5072 | AD22: 4364 | AE22: 1702 | AF22: 3064 | AG22: 4952 | AH22: 3841 | AI22: 2025 | AJ22: 1232 | AK22: 574 | AL22: 279 | AM22: 155 | AN22: 77 | AO22: 53 | AP22: 34 | AQ22: 25 | AR22: 17 | AS22: 7 | AT22: 16 | AU22: 9 | AV22: 5 | AW22: 4 | AX22: 4 | AY22: 8 | AZ22: 8 | BA22: 7 | BB22: 7 | BC22: 5 | BD22: 4 | BE22: 4 | BF22: 1 | BG22: 4 | BH22: 3 | BI22: 1 | BJ22: 1 | BK22: 3 | BL22: 5 | BM22: 8 | BN22: 6 | BO22: 4 | BP22: 5 | BQ22: 2 | BR22: 1 | BS22: 2 | BT22: 2 | BU22: 1 | BV22: 2 | BW22: 3 | BX22: 2 | BY22: 2 | BZ22: 1 | CA22: 3 | CB22: 3 | CC22: 0 | CD22: 0 | CE22: 2 | CF22: 1 | CG22: 1 | CH22: 2 | CI22: 2 | CJ22: 0 | CK22: 0 | CL22: 0 | CM22: 0 | CN22: 0 | CO22: 0 | CP22: 0 | CQ22: 0 | CR22: 0 | CS22: 0 | CT22: 0 | CW22: 0 | CY22: =SUMIFS($C22:$CV22,$C$3:$CV$3,">="&DATE(2026,1,1),$C$3:$CV$3,"<="&DATE(2026,12,31),$C$2:$CV$2,">"&0)+$CW22 -> 2
B23: VOLKSWAGEN INDIA PVT LTD | C23: 3492 | D23: 2456 | E23: 2599 | F23: 2310 | G23: 2320 | H23: 2152 | I23: 2295 | J23: 2163 | K23: 1919 | L23: 2794 | M23: 2822 | N23: 2839 | O23: 3168 | P23: 1428 | Q23: 1115 | R23: 163 | S23: 0 | T23: 1 | U23: 19 | V23: 31 | W23: 92 | X23: 41 | Y23: 46 | Z23: 48 | AA23: 35 | AB23: 29 | AC23: 37 | AD23: 30 | AE23: 3 | AF23: 27 | AG23: 27 | AH23: 34 | AI23: 22 | AJ23: 29 | AK23: 52 | AL23: 42 | AM23: 42 | AN23: 35 | AO23: 55 | AP23: 56 | AQ23: 53 | AR23: 31 | AS23: 41 | AT23: 27 | AU23: 1 | AV23: 1 | AW23: 3 | AX23: 5 | AY23: 4 | AZ23: 5 | BA23: 2 | BB23: 3 | BC23: 4 | BD23: 0 | BE23: 1 | BF23: 3 | BG23: 3 | BH23: 3 | BI23: 2 | BJ23: 1 | BK23: 0 | BL23: 2 | BM23: 2 | BN23: 0 | BO23: 1 | BP23: 1 | BQ23: 1 | BR23: 1 | BS23: 1 | BT23: 0 | BU23: 2 | BV23: 0 | BW23: 0 | BX23: 1 | BY23: 2 | BZ23: 1 | CA23: 1 | CB23: 0 | CC23: 1 | CD23: 0 | CE23: 0 | CF23: 0 | CG23: 1 | CH23: 0 | CI23: 0 | CJ23: 0 | CK23: 0 | CL23: 0 | CM23: 0 | CN23: 0 | CO23: 0 | CP23: 0 | CQ23: 0 | CR23: 0 | CS23: 0 | CT23: 0 | CW23: 0 | CY23: =SUMIFS($C23:$CV23,$C$3:$CV$3,">="&DATE(2026,1,1),$C$3:$CV$3,"<="&DATE(2026,12,31),$C$2:$CV$2,">"&0)+$CW23 -> 0
B24: JAGUAR LAND ROVER INDIA LIMITED | C24: 442 | D24: 333 | E24: 342 | F24: 340 | G24: 253 | H24: 235 | I24: 241 | J24: 248 | K24: 276 | L24: 359 | M24: 331 | N24: 312 | O24: 430 | P24: 316 | Q24: 534 | R24: 80 | S24: 9 | T24: 64 | U24: 87 | V24: 117 | W24: 145 | X24: 167 | Y24: 225 | Z24: 196 | AA24: 225 | AB24: 211 | AC24: 224 | AD24: 153 | AE24: 42 | AF24: 136 | AG24: 252 | AH24: 249 | AI24: 220 | AJ24: 182 | AK24: 207 | AL24: 160 | AM24: 148 | AN24: 107 | AO24: 116 | AP24: 120 | AQ24: 132 | AR24: 180 | AS24: 181 | AT24: 170 | AU24: 177 | AV24: 177 | AW24: 170 | AX24: 179 | AY24: 221 | AZ24: 169 | BA24: 192 | BB24: 170 | BC24: 328 | BD24: 287 | BE24: 245 | BF24: 263 | BG24: 442 | BH24: 439 | BI24: 365 | BJ24: 296 | BK24: 308 | BL24: 289 | BM24: 337 | BN24: 300 | BO24: 360 | BP24: 363 | BQ24: 526 | BR24: 513 | BS24: 483 | BT24: 536 | BU24: 329 | BV24: 295 | BW24: 510 | BX24: 515 | BY24: 564 | BZ24: 457 | CA24: 401 | CB24: 532 | CC24: 525 | CD24: 499 | CE24: 545 | CF24: 503 | CG24: 423 | CH24: 327 | CI24: 480 | CJ24: 471.56522 | CK24: 0 | CL24: 0 | CM24: 0 | CN24: 0 | CO24: 0 | CP24: 0 | CQ24: 0 | CR24: 0 | CS24: 0 | CT24: 0 | CW24: 374 | CY24: =SUMIFS($C24:$CV24,$C$3:$CV$3,">="&DATE(2026,1,1),$C$3:$CV$3,"<="&DATE(2026,12,31),$C$2:$CV$2,">"&0)+$CW24 -> 1325.5652
B25: MERCEDES -BENZ AG | C25: 0 | D25: 0 | E25: 0 | F25: 1 | G25: 1 | H25: 0 | I25: 1 | J25: 0 | K25: 0 | L25: 0 | M25: 0 | N25: 0 | O25: 1 | P25: 4 | Q25: 0 | R25: 0 | S25: 1 | T25: 12 | U25: 19 | V25: 18 | W25: 22 | X25: 21 | Y25: 37 | Z25: 41 | AA25: 30 | AB25: 27 | AC25: 34 | AD25: 13 | AE25: 4 | AF25: 21 | AG25: 110 | AH25: 65 | AI25: 70 | AJ25: 38 | AK25: 27 | AL25: 28 | AM25: 18 | AN25: 19 | AO25: 20 | AP25: 27 | AQ25: 37 | AR25: 30 | AS25: 34 | AT25: 36 | AU25: 36 | AV25: 30 | AW25: 40 | AX25: 35 | AY25: 63 | AZ25: 90 | BA25: 93 | BB25: 54 | BC25: 95 | BD25: 88 | BE25: 125 | BF25: 88 | BG25: 106 | BH25: 105 | BI25: 139 | BJ25: 148 | BK25: 130 | BL25: 96 | BM25: 119 | BN25: 182 | BO25: 108 | BP25: 89 | BQ25: 79 | BR25: 88 | BS25: 135 | BT25: 154 | BU25: 126 | BV25: 116 | BW25: 144 | BX25: 116 | BY25: 151 | BZ25: 94 | CA25: 86 | CB25: 106 | CC25: 110 | CD25: 93 | CE25: 112 | CF25: 118 | CG25: 116 | CH25: 79 | CI25: 100 | CJ25: 89.521739 | CK25: 0 | CL25: 0 | CM25: 0 | CN25: 0 | CO25: 0 | CP25: 0 | CQ25: 0 | CR25: 0 | CS25: 0 | CT25: 0 | CW25: 71 | CY25: =SUMIFS($C25:$CV25,$C$3:$CV$3,">="&DATE(2026,1,1),$C$3:$CV$3,"<="&DATE(2026,12,31),$C$2:$CV$2,">"&0)+$CW25 -> 260.52174
... B28: AUDI AG | C28: 674 | D28: 424 | E28: 468 | F28: 518 | G28: 414 | H28: 380 | I28: 390 | J28: 312 | K28: 233 | L28: 341 | M28: 271 | N28: 295 | O28: 430 | P28: 333 | Q28: 461 | R28: 85 | S28: 0 | T28: 5 | U28: 2 | V28: 9 | W28: 41 | X28: 7 | Y28: 30 | Z28: 48 | AA28: 51 | AB28: 51 | AC28: 102 | AD28: 83 | AE28: 23 | AF28: 47 | AG28: 95 | AH28: 103 | AI28: 108 | AJ28: 113 | AK28: 110 | AL28: 156 | AM28: 163 | AN28: 74 | AO28: 56 | AP28: 25 | AQ28: 30 | AR28: 32 | AS28: 48 | AT28: 44 | AU28: 21 | AV28: 37 | AW28: 46 | AX28: 31 | AY28: 184 | AZ28: 156 | BA28: 151 | BB28: 150 | BC28: 163 | BD28: 129 | BE28: 116 | BF28: 88 | BG28: 77 | BH28: 59 | BI28: 49 | BJ28: 75 | BK28: 73 | BL28: 61 | BM28: 47 | BN28: 50 | BO28: 43 | BP28: 48 | BQ28: 47 | BR28: 23 | BS28: 41 | BT28: 24 | BU28: 24 | BV28: 20 | BW28: 44 | BX28: 22 | BY28: 21 | BZ28: 21 | CA28: 21 | CB28: 22 | CC28: 25 | CD28: 22 | CE28: 23 | CF28: 22 | CG28: 21 | CH28: 16 | CI28: 26 | CJ28: 10.086957 | CK28: 0 | CL28: 0 | CM28: 0 | CN28: 0 | CO28: 0 | CP28: 0 | CQ28: 0 | CR28: 0 | CS28: 0 | CT28: 0 | CW28: 8 | CY28: =SUMIFS($C28:$CV28,$C$3:$CV$3,">="&DATE(2026,1,1),$C$3:$CV$3,"<="&DATE(2026,12,31),$C$2:$CV$2,">"&0)+$CW28 -> 44.086957
B30: Others | C30: =C32-SUM(C4:C28) -> 3861 | D30: =D32-SUM(D4:D28) -> 3004 | E30: =E32-SUM(E4:E28) -> 3370 | F30: =F32-SUM(F4:F28) -> 3084 | G30: =G32-SUM(G4:G28) -> 3113 | H30: =H32-SUM(H4:H28) -> 3000 | I30: =I32-SUM(I4:I28) -> 2893 | J30: =J32-SUM(J4:J28) -> 2752 | ... BV30: =BV32-SUM(BV4:BV28) -> 1376 | BW30: 1954 | BX30: 1403 | BY30: 1586 | BZ30: 1471 | CA30: 1534 | CB30: =CB32-SUM(CB4:CB28) -> 1607 | CC30: =CC32-SUM(CC4:CC28) -> 1765 | CD30: =CD32-SUM(CD4:CD28) -> 1581 | CE30: =CE32-SUM(CE4:CE28) -> 1687 | CF30: =CF32-SUM(CF4:CF28) -> 2745 | CG30: =CG32-SUM(CG4:CG28) -> 2676 | CH30: =CH32-SUM(CH4:CH28) -> 2583 | CI30: =IF(ISNUMBER(CI$2),CI32-SUM(CI4:CI28),$CW30*$CW$1) -> 2994 | CJ30: =IF(ISNUMBER(CJ$2),CJ32-SUM(CJ4:CJ28),$CW30*$CW$1) -> 2248.1304 | CK30: =IF(ISNUMBER(CK$2),CK32-SUM(CK4:CK28),$CW30*$CW$1) -> 57056 | CL30: =IF(ISNUMBER(CL$2),CL32-SUM(CL4:CL28),$CW30*$CW$1) -> 0 | CM30: =IF(ISNUMBER(CM$2),CM32-SUM(CM4:CM28),$CW30*$CW$1) -> 0 | CN30: =IF(ISNUMBER(CN$2),CN32-SUM(CN4:CN28),$CW30*$CW$1) -> 0 | CO30: =IF(ISNUMBER(CO$2),CO32-SUM(CO4:CO28),$CW30*$CW$1) -> 0 | CP30: =IF(ISNUMBER(CP$2),CP32-SUM(CP4:CP28),$CW30*$CW$1) -> 0 | ... CT30: =IF(ISNUMBER(CT$2),CT32-SUM(CT4:CT28),$CW30*$CW$1) -> 0 | CW30: =CW32-SUM(CW4:CW28) -> 1783 | CY30: =SUMIFS($C30:$CV30,$C$3:$CV$3,">="&DATE(2026,1,1),$C$3:$CV$3,"<="&DATE(2026,12,31),$C$2:$CV$2,">"&0)+$CW30 -> 7025.1304
B32: TOTAL | C32: 318278 | D32: 240146 | E32: 255707 | F32: 246578 | G32: 248684 | H32: 215963 | I32: 222505 | J32: 200559 | K32: 185216 | L32: 287523 | M32: 297558 | N32: 230691 | O32: 309873 | P32: 242249 | Q32: 227736 | R32: 24151 | S32: 32522 | T32: 135498 | U32: 171907 | V32: 196914 | W32: 215386 | X32: 272811 | Y32: 320819 | Z32: 298812 | AA32: 307843 | AB32: 275539 | AC32: 307229 | AD32: 222246 | AE32: 91895 | AF32: 202943 | AG32: 282731 | AH32: 274023 | AI32: 252007 | AJ32: 244245 | AK32: 259636 | AL32: 262570 | AM32: 277936 | AN32: 256623 | AO32: 289334 | AP32: 282455 | AQ32: 283200 | AR32: 278788 | AS32: 269447 | AT32: 292443 | AU32: 275709 | AV32: 355789 | AW32: 304159 | AX32: 282381 | AY32: 344292 | AZ32: 290006 | BA32: 336216 | BB32: 284000 | BC32: 300935 | BD32: 295991 | BE32: 284828 | BF32: 317702 | BG32: 333493 | BH32: 358275 | BI32: 369540 | BJ32: 295401 | BK32: 399147 | BL32: 332256 | BM32: 322831 | BN32: 339501 | BO32: 307192 | BP32: 286473 | BQ32: 325472 | BR32: 315283 | BS32: 279009 | BT32: 494272 | BU32: 325535 | BV32: 290441 | BW32: 473254 | BX32: 306717 | BY32: 352026 | BZ32: 357050 | CA32: 307143 | CB32: 303289 | CC32: 331841 | CD32: 329067 | CE32: 307648 | CF32: 569788 | CG32: 401290 | CH32: 379481 | CI32: 514736 | CJ32: 372215 | CK32: 0 | CL32: 0 | CM32: 0 | CN32: 0 | CO32: 0 | CP32: 0 | CQ32: 0 | CR32: 0 | CS32: 0 | CT32: 0 | CW32: 295205 | CY32: =SUMIFS($C32:$CV32,$C$3:$CV$3,">="&DATE(2026,1,1),$C$3:$CV$3,"<="&DATE(2026,12,31),$C$2:$CV$2,">"&0)+$CW32 -> 1182156
B36: Maruti | C36: =C7 -> 159587 | D36: =D7 -> 118284 | E36: =E7 -> 127156 | F36: =F7 -> 120832 | G36: =G7 -> 123329 | H36: =H7 -> 104852 | I36: =I7 -> 104948 | J36: =J7 -> 93963 | ... BV36: =BV7 -> 116621 | BW36: 214280 | BX36: 119855 | BY36: 134225 | BZ36: 140683 | CA36: 119156 | CB36: =CB7 -> 118582 | CC36: =CC7 -> 130863 | CD36: =CD7 -> 130021 | CE36: =CE7 -> 126120 | CF36: =CF7 -> 243441 | CG36: =CG7 -> 157517 | CH36: =CH7 -> 151783 | CI36: =CI7 -> 217767 | ... CT36: =CT7 -> 0 | CY36: =CY7 -> 484712.39
B37: Honda | C37: =C15 -> 16722 | D37: =D15 -> 12796 | E37: =E15 -> 13981 | F37: =F15 -> 14370 | G37: =G15 -> 12947 | H37: =H15 -> 10634 | I37: =I15 -> 11503 | J37: =J15 -> 9814 | ... BV37: =BV15 -> 4777 | BW37: 7963 | BX37: 5347 | BY37: 5142 | BZ37: 5046 | CA37: 4258 | CB37: =CB15 -> 4021 | CC37: =CC15 -> 4576 | CD37: =CD15 -> 4218 | CE37: =CE15 -> 3523 | CF37: =CF15 -> 7497 | CG37: =CG15 -> 5412 | CH37: =CH15 -> 5699 | CI37: =CI15 -> 5965 | ... CT37: =CT15 -> 0 | CY37: =CY15 -> 14393.522
B38: Hyundai | C38: =C8 -> 54730 | D38: =D8 -> 40556 | E38: =E8 -> 38926 | F38: =F8 -> 37939 | G38: =G8 -> 40223 | H38: =H8 -> 38787 | I38: =I8 -> 42210 | J38: =J8 -> 38903 | ... BV38: =BV8 -> 39631 | BW38: 61446 | BX38: 39327 | BY38: 43945 | BZ38: 45133 | CA38: 39271 | CB38: =CB8 -> 39363 | CC38: =CC8 -> 43964 | CD38: =CD8 -> 43275 | CE38: =CE8 -> 37073 | CF38: =CF8 -> 67354 | CG38: =CG8 -> 50586 | CH38: =CH8 -> 49110 | CI38: =CI8 -> 66778 | ... CT38: =CT8 -> 0 | CY38: =CY8 -> 146711.04
B39: Kia | C39: =C12+C13 -> 0 | D39: =D12+D13 -> 0 | E39: =E12+E13 -> 0 | F39: =F12+F13 -> 0 | G39: =G12+G13 -> 0 | H39: =H12+H13 -> 1 | I39: =I12+I13 -> 0 | J39: =J12+J13 -> 159 | ... BV39: =BV12+BV13 -> 17541 | BW39: 22898 | BX39: 19469 | BY39: 22814 | BZ39: 22333 | CA39: 17399 | CB39: =CB12+CB13 -> 18584 | CC39: =CC12+CC13 -> 20027 | CD39: =CD12+CD13 -> 18902 | CE39: =CE12+CE13 -> 17406 | CF39: =CF12+CF13 -> 34170 | CG39: =CG12+CG13 -> 24406 | CH39: =CH12+CH13 -> 20955 | CI39: =CI12+CI13 -> 30546 | ... CT39: =CT12+CT13 -> 0 | CY39: =CY12+CY13 -> 74671.391
B40: M&M | C40: =C9+C10 -> 20436 | D40: =D9+D10 -> 18711 | E40: =E9+E10 -> 21785 | F40: =F9+F10 -> 20696 | G40: =G9+G10 -> 20877 | H40: =H9+H10 -> 17912 | I40: =I9+I10 -> 17651 | J40: =J9+J10 -> 14329 | ... BV40: =BV9+BV10 -> 35414 | BW40: 54100 | BX40: 41747 | BY40: 48517 | BZ40: 50807 | CA40: 45287 | CB40: =CB9+CB10 -> 42448 | CC40: =CC9+CC10 -> 43180 | CD40: =CD9+CD10 -> 45024 | CE40: =CE9+CE10 -> 39489 | CF40: =CF9+CF10 -> 71217 | CG40: =CG9+CG10 -> 56205 | CH40: =CH9+CH10 -> 48559 | CI40: =CI9+CI10 -> 64090 | ... CT40: =CT9+CT10 -> 0 | CY40: =CY9+CY10 -> 155474.35
B41: Tata Motors | C41: =SUM(C4:C6) -> 20866 | D41: =SUM(D4:D6) -> 15230 | E41: =SUM(E4:E6) -> 16095 | F41: =SUM(F4:F6) -> 17014 | G41: =SUM(G4:G6) -> 16267 | H41: =SUM(H4:H6) -> 13261 | I41: =SUM(I4:I6) -> 13108 | J41: =SUM(J4:J6) -> 10960 | ... BV41: =SUM(BV4:BV6) -> 37194 | BW41: 54074 | BX41: 38674 | BY41: 48637 | BZ41: 43776 | CA41: 36255 | CB41: =SUM(CB4:CB6) -> 34676 | CC41: =SUM(CC4:CC6) -> 39677 | CD41: =SUM(CD4:CD6) -> 38163 | CE41: =SUM(CE4:CE6) -> 41797 | CF41: =SUM(CF4:CF6) -> 76333 | CG41: =SUM(CG4:CG6) -> 52916 | CH41: =SUM(CH4:CH6) -> 52063 | CI41: =SUM(CI4:CI6) -> 63475 | ... CT41: =SUM(CT4:CT6) -> 0 | CY41: =SUM(CY4:CY6) -> 155415.52
B42: Toyota | C42: =C11 -> 12854 | D42: =D11 -> 9604 | E42: =E11 -> 10281 | F42: =F11 -> 9759 | G42: =G11 -> 9874 | H42: =H11 -> 9075 | I42: =I11 -> 9982 | J42: =J11 -> 9325 | ... BV42: =BV11 -> 18987 | BW42: 29477 | BX42: 21983 | BY42: 24133 | BZ42: 24527 | CA42: 22930 | CB42: =CB11 -> 23484 | CC42: =CC11 -> 26025 | CD42: =CD11 -> 25946 | CE42: =CE11 -> 21485 | CF42: =CF11 -> 36270 | CG42: =CG11 -> 28453 | CH42: =CH11 -> 26426 | CI42: =CI11 -> 35360 | ... CT42: =CT11 -> 0 | CY42: =CY11 -> 80871.304

Sheet Electric PV
CW1: =PV!CW1 -> 32 | CX1: Gross-up factor
AY2: 16 | AZ2: 17 | BA2: 18 | BB2: 19 | BC2: =BB2+1 -> 20 | BD2: 21 | BE2: =BD2+1 -> 22 | BF2: =BE2+1 -> 23 | BG2: =BF2+1 -> 24 | BH2: =BG2+1 -> 25 | BI2: =BH2+1 -> 26 | BJ2: =BI2+1 -> 27 | BK2: 16 | BL2: =BK2+1 -> 17 | BM2: =BL2+1 -> 18 | BN2: =BM2+1 -> 19 | BO2: =BN2+1 -> 20 | BP2: =BO2+1 -> 21 | BQ2: =BP2+1 -> 22 | BR2: =BQ2+1 -> 23 | BS2: =BR2+1 -> 24 | ... BV2: =BU2+1 -> 27 | BW2: =MONTH(BW3)+1 -> 2 | BX2: =MONTH(BX3)+1 -> 3 | BY2: =MONTH(BY3)+1 -> 4 | BZ2: =MONTH(BZ3)+1 -> 5 | CA2: =MONTH(CA3)+1 -> 6 | CB2: =MONTH(CB3)+1 -> 7 | CC2: =MONTH(CC3)+1 -> 8 | CD2: =MONTH(CD3)+1 -> 9 | ... CH2: =MONTH(CH3)+1 -> 13 | CI2: =IF(MONTH(TODAY())=MONTH(CI3)-1,MONTH(CI3)+2,IF(MONTH(TODAY())=MONTH(CI3),"",MONTH(CI3)+1)) -> 2 | CJ2: =IF(MONTH(TODAY())=MONTH(CJ3)-1,MONTH(CJ3)+2,IF(MONTH(TODAY())=MONTH(CJ3),"",MONTH(CJ3)+1)) -> 3 | CK2: =IF(MONTH(TODAY())=MONTH(CK3)-1,MONTH(CK3)+2,IF(MONTH(TODAY())=MONTH(CK3),"",MONTH(CK3)+1)) | CL2: =IF(MONTH(TODAY())=MONTH(CL3)-1,MONTH(CL3)+2,IF(MONTH(TODAY())=MONTH(CL3),"",MONTH(CL3)+1)) -> 6 | CM2: =IF(MONTH(TODAY())=MONTH(CM3)-1,MONTH(CM3)+2,IF(MONTH(TODAY())=MONTH(CM3),"",MONTH(CM3)+1)) -> 6 | CN2: =IF(MONTH(TODAY())=MONTH(CN3)-1,MONTH(CN3)+2,IF(MONTH(TODAY())=MONTH(CN3),"",MONTH(CN3)+1)) -> 7 | CO2: =IF(MONTH(TODAY())=MONTH(CO3)-1,MONTH(CO3)+2,IF(MONTH(TODAY())=MONTH(CO3),"",MONTH(CO3)+1)) -> 8 | CP2: =IF(MONTH(TODAY())=MONTH(CP3)-1,MONTH(CP3)+2,IF(MONTH(TODAY())=MONTH(CP3),"",MONTH(CP3)+1)) -> 9 | ... CT2: =IF(MONTH(TODAY())=MONTH(CT3)-1,MONTH(CT3)+2,IF(MONTH(TODAY())=MONTH(CT3),"",MONTH(CT3)+1)) -> 13 | CW2: =PV!CW2 -> 4
C3: =PV!C3 -> 43466 | D3: =PV!D3 -> 43497 | E3: =PV!E3 -> 43555 | F3: =PV!F3 -> 43585 | G3: =PV!G3 -> 43616 | H3: =PV!H3 -> 43646 | I3: =PV!I3 -> 43677 | J3: =PV!J3 -> 43708 | ... BJ3: =PV!BJ3 -> 45291 | BK3: =EOMONTH(BJ3,1) -> 45322 | BL3: =EOMONTH(BK3,1) -> 45351 | BM3: =EOMONTH(BL3,1) -> 45382 | BN3: =EOMONTH(BM3,1) -> 45412 | BO3: =EOMONTH(BN3,1) -> 45443 | BP3: =EOMONTH(BO3,1) -> 45473 | BQ3: =EOMONTH(BP3,1) -> 45504 | BR3: =EOMONTH(BQ3,1) -> 45535 | ... BV3: =EOMONTH(BU3,1) -> 45657 | BW3: 45688 | BX3: =EOMONTH(BW3,1) -> 45716 | BY3: =EOMONTH(BX3,1) -> 45747 | BZ3: =EOMONTH(BY3,1) -> 45777 | CA3: =EOMONTH(BZ3,1) -> 45808 | CB3: =EOMONTH(CA3,1) -> 45838 | CC3: =EOMONTH(CB3,1) -> 45869 | CD3: =EOMONTH(CC3,1) -> 45900 | CE3: =EOMONTH(CD3,1) -> 45930 | ... CT3: =EOMONTH(CS3,1) -> 46387 | CW3: MTD | CY3: YTD
B4: AUDI AG | C4: 0 | D4: 0 | E4: 0 | F4: 0 | G4: 0 | H4: 0 | I4: 0 | J4: 0 | K4: 0 | L4: 0 | M4: 0 | N4: 0 | O4: 0 | P4: 0 | Q4: 0 | R4: 0 | S4: 0 | T4: 0 | U4: 0 | V4: 0 | W4: 0 | X4: 0 | Y4: 0 | Z4: 0 | AA4: 0 | AB4: 0 | AC4: 0 | AD4: 0 | AE4: 3 | AF4: 1 | AG4: 6 | AH4: 10 | AI4: 6 | AJ4: 4 | AK4: 5 | AL4: 8 | AM4: 9 | AN4: 8 | AO4: 16 | AP4: 8 | AQ4: 8 | AR4: 15 | AS4: 8 | AT4: 15 | AU4: 10 | AV4: 4 | AW4: 9 | AX4: 5 | AY4: 8 | AZ4: 9 | BA4: 7 | BB4: 5 | BC4: 7 | BD4: 7 | BE4: 9 | BF4: 15 | BG4: 26 | BH4: 20 | BI4: 13 | BJ4: 17 | BK4: 15 | BL4: 22 | BM4: 9 | BN4: 13 | BO4: 7 | BP4: 19 | BQ4: 19 | BR4: 10 | BS4: 14 | BT4: 4 | BU4: 3 | BV4: 8 | BW4: 19 | BX4: 7 | BY4: 6 | BZ4: 4 | CA4: 5 | CB4: 2 | CC4: 1 | CD4: 3 | CE4: 0 | CF4: 1 | CG4: 0 | CH4: 1 | CI4: 0 | CJ4: 0 | CK4: 0 | CL4: 0 | CM4: 0 | CN4: 0 | CO4: 0 | CP4: 0 | CQ4: 0 | CR4: 0 | CS4: 0 | CT4: 0 | CW4: 0 | CY4: =SUMIFS($C4:$CV4,$C$3:$CV$3,">="&DATE(2026,1,1),$C$3:$CV$3,"<="&DATE(2026,12,31),$C$2:$CV$2,">"&0)+$CW4 -> 0
B5: BMW INDIA Electric PVT LTD | C5: 0 | D5: 0 | E5: 0 | F5: 0 | G5: 0 | H5: 0 | I5: 0 | J5: 0 | K5: 0 | L5: 0 | M5: 0 | N5: 0 | O5: 0 | P5: 0 | Q5: 0 | R5: 0 | S5: 0 | T5: 0 | U5: 0 | V5: 0 | W5: 0 | X5: 0 | Y5: 0 | Z5: 0 | AA5: 0 | AB5: 0 | AC5: 0 | AD5: 0 | AE5: 0 | AF5: 0 | AG5: 0 | AH5: 0 | AI5: 0 | AJ5: 0 | AK5: 0 | AL5: 0 | AM5: 0 | AN5: 0 | AO5: 0 | AP5: 0 | AQ5: 0 | AR5: 0 | AS5: 0 | AT5: 0 | AU5: 0 | AV5: 0 | AW5: 0 | AX5: 0 | AY5: 0 | AZ5: 0 | BA5: 0 | BB5: 0 | BC5: 0 | BD5: 0 | BE5: 0 | BF5: 0 | BG5: 0 | BH5: 0 | BI5: 0 | BJ5: 0 | BK5: 0 | BL5: 0 | BM5: 0 | BN5: 0 | BO5: 0 | BP5: 0 | BQ5: 0 | BR5: 0 | BS5: 0 | BT5: 0 | BU5: 0 | BV5: 0 | BW5: 0 | BX5: 0 | BY5: 0 | BZ5: 0 | CA5: 0 | CB5: 0 | CC5: 0 | CD5: 0 | CE5: 0 | CF5: 0 | CG5: 0 | CH5: 0 | CI5: 0 | CJ5: 0 | CK5: 0 | CL5: 0 | CM5: 0 | CN5: 0 | CO5: 0 | CP5: 0 | CQ5: 0 | CR5: 0 | CS5: 0 | CT5: 0 | CW5: 0 | CY5: =SUMIFS($C5:$CV5,$C$3:$CV$3,">="&DATE(2026,1,1),$C$3:$CV$3,"<="&DATE(2026,12,31),$C$2:$CV$2,">"&0)+$CW5 -> 0
B6: BYD INDIA PRIVATE LIMITED | C6: 0 | D6: 0 | E6: 0 | F6: 0 | G6: 0 | H6: 0 | I6: 0 | J6: 0 | K6: 0 | L6: 0 | M6: 0 | N6: 0 | O6: 0 | P6: 0 | Q6: 0 | R6: 0 | S6: 0 | T6: 0 | U6: 0 | V6: 0 | W6: 0 | X6: 0 | Y6: 0 | Z6: 0 | AA6: 0 | AB6: 0 | AC6: 0 | AD6: 0 | AE6: 0 | AF6: 0 | AG6: 0 | AH6: 0 | AI6: 0 | AJ6: 0 | AK6: 0 | AL6: 0 | AM6: 10 | AN6: 12 | AO6: 18 | AP6: 21 | AQ6: 42 | AR6: 50 | AS6: 44 | AT6: 46 | AU6: 66 | AV6: 38 | AW6: 54 | AX6: 52 | AY6: 140 | AZ6: 242 | BA6: 300 | BB6: 164 | BC6: 146 | BD6: 184 | BE6: 118 | BF6: 104 | BG6: 151 | BH6: 144 | BI6: 140 | BJ6: 177 | BK6: 162 | BL6: 151 | BM6: 144 | BN6: 156 | BO6: 177 | BP6: 243 | BQ6: 356 | BR6: 226 | BS6: 175 | BT6: 394 | BU6: 349 | BV6: 288 | BW6: 338 | BX6: 275 | BY6: 452 | BZ6: 394 | CA6: 526 | CB6: 507 | CC6: 504 | CD6: 494 | CE6: 612 | CF6: 610 | CG6: 445 | CH6: 253 | CI6: 239 | CJ6: 281.17391 | CK6: 0 | CL6: 0 | CM6: 0 | CN6: 0 | CO6: 0 | CP6: 0 | CQ6: 0 | CR6: 0 | CS6: 0 | CT6: 0 | CW6: 223 | CY6: =SUMIFS($C6:$CV6,$C$3:$CV$3,">="&DATE(2026,1,1),$C$3:$CV$3,"<="&DATE(2026,12,31),$C$2:$CV$2,">"&0)+$CW6 -> 743.17391
B7: HYUNDAI MOTOR INDIA LTD | C7: 0 | D7: 0 | E7: 0 | F7: 0 | G7: 0 | H7: 0 | I7: 7 | J7: 55 | K7: 46 | L7: 47 | M7: 53 | N7: 25 | O7: 37 | P7: 19 | Q7: 24 | R7: 0 | S7: 6 | T7: 16 | U7: 13 | V7: 24 | W7: 15 | X7: 24 | Y7: 11 | Z7: 17 | AA7: 28 | AB7: 19 | AC7: 15 | AD7: 10 | AE7: 4 | AF7: 12 | AG7: 22 | AH7: 12 | AI7: 7 | AJ7: 10 | AK7: 9 | AL7: 12 | AM7: 8 | AN7: 8 | AO7: 18 | AP7: 23 | AQ7: 27 | AR7: 54 | AS7: 63 | AT7: 73 | AU7: 79 | AV7: 88 | AW7: 82 | AX7: 94 | AY7: 117 | AZ7: 50 | BA7: 48 | BB7: 52 | BC7: 171 | BD7: 160 | BE7: 116 | BF7: 187 | BG7: 213 | BH7: 196 | BI7: 165 | BJ7: 128 | BK7: 170 | BL7: 126 | BM7: 153 | BN7: 91 | BO7: 103 | BP7: 63 | BQ7: 59 | BR7: 41 | BS7: 28 | BT7: 36 | BU7: 21 | BV7: 19 | BW7: 331 | BX7: 775 | BY7: 904 | BZ7: 746 | CA7: 643 | CB7: 548 | CC7: 646 | CD7: 627 | CE7: 371 | CF7: 482 | CG7: 388 | CH7: 272 | CI7: 340 | CJ7: 291.26087 | CK7: 0 | CL7: 0 | CM7: 0 | CN7: 0 | CO7: 0 | CP7: 0 | CQ7: 0 | CR7: 0 | CS7: 0 | CT7: 0 | CW7: 231 | CY7: =SUMIFS($C7:$CV7,$C$3:$CV$3,">="&DATE(2026,1,1),$C$3:$CV$3,"<="&DATE(2026,12,31),$C$2:$CV$2,">"&0)+$CW7 -> 862.26087
B8: HYUNDAI MOTORS LTD, SOUTH KOREA | C8: 0 | D8: 0 | E8: 0 | F8: 0 | G8: 0 | H8: 0 | I8: 0 | J8: 0 | K8: 0 | L8: 0 | M8: 0 | N8: 0 | O8: 0 | P8: 0 | Q8: 0 | R8: 0 | S8: 0 | T8: 0 | U8: 0 | V8: 0 | W8: 0 | X8: 0 | Y8: 0 | Z8: 0 | AA8: 0 | AB8: 0 | AC8: 0 | AD8: 0 | AE8: 0 | AF8: 0 | AG8: 0 | AH8: 0 | AI8: 0 | AJ8: 0 | AK8: 0 | AL8: 0 | AM8: 0 | AN8: 0 | AO8: 0 | AP8: 0 | AQ8: 0 | AR8: 1 | AS8: 0 | AT8: 0 | AU8: 0 | AV8: 0 | AW8: 0 | AX8: 0 | AY8: 0 | AZ8: 0 | BA8: 0 | BB8: 0 | BC8: 0 | BD8: 0 | BE8: 0 | BF8: 0 | BG8: 0 | BH8: 0 | BI8: 0 | BJ8: 0 | BK8: 1 | BL8: 0 | BM8: 0 | BN8: 0 | BO8: 0 | BP8: 0 | BQ8: 0 | BR8: 0 | BS8: 0 | BT8: 0 | BU8: 0 | BV8: 0 | BW8: 0 | BX8: 0 | BY8: 0 | BZ8: 0 | CA8: 0 | CB8: 0 | CC8: 0 | CD8: 0 | CE8: 0 | CF8: 0 | CG8: 0 | CH8: 0 | CI8: 0 | CJ8: 0 | CK8: 0 | CL8: 0 | CM8: 0 | CN8: 0 | CO8: 0 | CP8: 0 | CQ8: 0 | CR8: 0 | CS8: 0 | CT8: 0 | CW8: 0 | CY8: =SUMIFS($C8:$CV8,$C$3:$CV$3,">="&DATE(2026,1,1),$C$3:$CV$3,"<="&DATE(2026,12,31),$C$2:$CV$2,">"&0)+$CW8 -> 0
B9: JAGUAR LAND ROVER INDIA LIMITED | C9: 0 | D9: 0 | E9: 0 | F9: 0 | G9: 0 | H9: 0 | I9: 0 | J9: 0 | K9: 0 | L9: 0 | M9: 0 | N9: 0 | O9: 0 | P9: 0 | Q9: 0 | R9: 0 | S9: 0 | T9: 0 | U9: 0 | V9: 0 | W9: 0 | X9: 0 | Y9: 0 | Z9: 0 | AA9: 0 | AB9: 1 | AC9: 0 | AD9: 1 | AE9: 1 | AF9: 1 | AG9: 4 | AH9: 5 | AI9: 2 | AJ9: 1 | AK9: 6 | AL9: 5 | AM9: 11 | AN9: 7 | AO9: 2 | AP9: 3 | AQ9: 7 | AR9: 3 | AS9: 0 | AT9: 0 | AU9: 1 | AV9: 2 | AW9: 0 | AX9: 4 | AY9: 1 | AZ9: 1 | BA9: 1 | BB9: 2 | BC9: 2 | BD9: 1 | BE9: 1 | BF9: 0 | BG9: 0 | BH9: 0 | BI9: 0 | BJ9: 0 | BK9: 0 | BL9: 1 | BM9: 0 | BN9: 0 | BO9: 0 | BP9: 0 | BQ9: 3 | BR9: 0 | BS9: 0 | BT9: 0 | BU9: 0 | BV9: 0 | BW9: 1 | BX9: 0 | BY9: 0 | BZ9: 2 | CA9: 0 | CB9: 0 | CC9: 0 | CD9: 0 | CE9: 0 | CF9: 0 | CG9: 0 | CH9: 1 | CI9: 0 | CJ9: 1.2608696 | CK9: 0 | CL9: 0 | CM9: 0 | CN9: 0 | CO9: 0 | CP9: 0 | CQ9: 0 | CR9: 0 | CS9: 0 | CT9: 0 | CW9: 1 | CY9: =SUMIFS($C9:$CV9,$C$3:$CV$3,">="&DATE(2026,1,1),$C$3:$CV$3,"<="&DATE(2026,12,31),$C$2:$CV$2,">"&0)+$CW9 -> 2.2608696
B10: KIA MOTORS INDIA Electric PVT LTD | C10: 0 | D10: 0 | E10: 0 | F10: 0 | G10: 0 | H10: 0 | I10: 0 | J10: 0 | K10: 0 | L10: 0 | M10: 0 | N10: 0 | O10: 0 | P10: 0 | Q10: 0 | R10: 0 | S10: 0 | T10: 0 | U10: 0 | V10: 0 | W10: 0 | X10: 0 | Y10: 0 | Z10: 0 | AA10: 0 | AB10: 0 | AC10: 0 | AD10: 0 | AE10: 0 | AF10: 0 | AG10: 0 | AH10: 0 | AI10: 0 | AJ10: 0 | AK10: 0 | AL10: 0 | AM10: 0 | AN10: 0 | AO10: 0 | AP10: 0 | AQ10: 0 | AR10: 0 | AS10: 0 | AT10: 0 | AU10: 0 | AV10: 0 | AW10: 0 | AX10: 0 | AY10: 0 | AZ10: 0 | BA10: 0 | BB10: 0 | BC10: 0 | BD10: 0 | BE10: 0 | BF10: 0 | BG10: 0 | BH10: 0 | BI10: 0 | BJ10: 0 | BK10: 0 | BL10: 0 | BM10: 0 | BN10: 0 | BO10: 0 | BP10: 0 | BQ10: 0 | BR10: 0 | BS10: 0 | BT10: 0 | BU10: 0 | BV10: 0 | BW10: 0 | BX10: 0 | BY10: 0 | BZ10: 0 | CA10: 0 | CB10: 0 | CC10: 0 | CD10: 0 | CE10: 0 | CF10: 0 | CG10: 0 | CH10: 0 | CI10: 0 | CJ10: 0 | CK10: 0 | CL10: 0 | CM10: 0 | CN10: 0 | CO10: 0 | CP10: 0 | CQ10: 0 | CR10: 0 | CS10: 0 | CT10: 0 | CW10: 0 | CY10: =SUMIFS($C10:$CV10,$C$3:$CV$3,">="&DATE(2026,1,1),$C$3:$CV$3,"<="&DATE(2026,12,31),$C$2:$CV$2,">"&0)+$CW10 -> 0
B11: KIA INDIA PRIVATE LIMITED | BK11: 38 | BL11: 23 | BM11: 34 | BN11: 22 | BO11: 22 | BP11: 16 | BQ11: 17 | BR11: 20 | BS11: 20 | BT11: 47 | BU11: 73 | BV11: 77 | BW11: 51 | BX11: 22 | BY11: 25 | BZ11: 34 | CA11: 32 | CB11: 42 | CC11: 59 | CD11: 465 | CE11: 530 | CF11: 680 | CG11: 480 | CH11: 327 | CI11: 317 | CJ11: 288.73913 | CK11: 0 | CL11: 0 | CM11: 0 | CN11: 0 | CO11: 0 | CP11: 0 | CQ11: 0 | CR11: 0 | CS11: 0 | CT11: 0 | CW11: 229 | CY11: =SUMIFS($C11:$CV11,$C$3:$CV$3,">="&DATE(2026,1,1),$C$3:$CV$3,"<="&DATE(2026,12,31),$C$2:$CV$2,">"&0)+$CW11 -> 834.73913
B12: MAHINDRA & MAHINDRA LIMITED | C12: 38 | D12: 69 | E12: 88 | F12: 28 | G12: 43 | H12: 14 | I12: 60 | J12: 28 | K12: 90 | L12: 57 | M12: 70 | N12: 49 | O12: 80 | P12: 194 | Q12: 80 | R12: 0 | S12: 5 | T12: 26 | U12: 5 | V12: 2 | W12: 5 | X12: 2 | Y12: 0 | Z12: 10 | AA12: 3 | AB12: 8 | AC12: 6 | AD12: 4 | AE12: 0 | AF12: 8 | AG12: 20 | AH12: 18 | AI12: 19 | AJ12: 4 | AK12: 9 | AL12: 14 | AM12: 30 | AN12: 12 | AO12: 18 | AP12: 13 | AQ12: 9 | AR12: 19 | AS12: 26 | AT12: 17 | AU12: 112 | AV12: 15 | AW12: 1 | AX12: 7 | AY12: 0 | AZ12: 7 | BA12: 259 | BB12: 537 | BC12: 389 | BD12: 412 | BE12: 379 | BF12: 406 | BG12: 358 | BH12: 276 | BI12: 538 | BJ12: 694 | BK12: 784 | BL12: 646 | BM12: 691 | BN12: 667 | BO12: 592 | BP12: 486 | BQ12: 518 | BR12: 336 | BS12: 472 | BT12: 950 | BU12: 574 | BV12: 386 | BW12: 716 | BX12: 452 | BY12: 332 | BZ12: 316 | CA12: 242 | CB12: 187 | CC12: 242 | CD12: 265 | CE12: 151 | CF12: 157 | CG12: 160 | CH12: 214 | CI12: 274 | CJ12: 128.6087 | CK12: 0 | CL12: 0 | CM12: 0 | CN12: 0 | CO12: 0 | CP12: 0 | CQ12: 0 | CR12: 0 | CS12: 0 | CT12: 0 | CW12: 102 | CY12: =SUMIFS($C12:$CV12,$C$3:$CV$3,">="&DATE(2026,1,1),$C$3:$CV$3,"<="&DATE(2026,12,31),$C$2:$CV$2,">"&0)+$CW12 -> 504.6087
B13: MAHINDRA ELECTRIC AUTOMOBILE LTD | BW13: 21 | BX13: 55 | BY13: 1827 | BZ13: 2965 | CA13: 2614 | CB13: 3035 | CC13: 2758 | CD13: 3497 | CE13: 3413 | CF13: 4027 | CG13: 2985 | CH13: 3046 | CI13: 3521 | CJ13: 2557.0435 | CK13: 0 | CL13: 0 | CM13: 0 | CN13: 0 | CO13: 0 | CP13: 0 | CQ13: 0 | CR13: 0 | CS13: 0 | CT13: 0 | CW13: 2028 | CY13: =SUMIFS($C13:$CV13,$C$3:$CV$3,">="&DATE(2026,1,1),$C$3:$CV$3,"<="&DATE(2026,12,31),$C$2:$CV$2,">"&0)+$CW13 -> 8106.0435
B14: MAHINDRA REVA ELECTRIC VEHICLES Electric PVT LTD | C14: 0 | D14: 0 | E14: 0 | F14: 0 | G14: 0 | H14: 0 | I14: 0 | J14: 0 | K14: 0 | L14: 0 | M14: 0 | N14: 0 | O14: 0 | P14: 0 | Q14: 0 | R14: 0 | S14: 0 | T14: 0 | U14: 0 | V14: 0 | W14: 0 | X14: 0 | Y14: 0 | Z14: 0 | AA14: 0 | AB14: 0 | AC14: 0 | AD14: 0 | AE14: 0 | AF14: 0 | AG14: 0 | AH14: 0 | AI14: 0 | AJ14: 0 | AK14: 0 | AL14: 0 | AM14: 0 | AN14: 0 | AO14: 0 | AP14: 0 | AQ14: 0 | AR14: 0 | AS14: 0 | AT14: 0 | AU14: 0 | AV14: 0 | AW14: 0 | AX14: 0 | AY14: 0 | AZ14: 0 | BA14: 0 | BB14: 0 | BC14: 0 | BD14: 0 | BE14: 0 | BF14: 0 | BG14: 0 | BH14: 0 | BI14: 0 | BJ14: 0 | BK14: 0 | BL14: 0 | BM14: 0 | BN14: 0 | BO14: 0 | BP14: 0 | BQ14: 0 | BR14: 0 | BS14: 0 | BT14: 0 | BU14: 0 | BV14: 0 | BW14: 0 | BX14: 0 | BY14: 0 | BZ14: 0 | CA14: 0 | CB14: 0 | CC14: 0 | CD14: 0 | CE14: 0 | CF14: 0 | CG14: 0 | CH14: 0 | CI14: 0 | CJ14: 0 | CK14: 0 | CL14: 0 | CM14: 0 | CN14: 0 | CO14: 0 | CP14: 0 | CQ14: 0 | CR14: 0 | CS14: 0 | CT14: 0 | CW14: 0 | CY14: =SUMIFS($C14:$CV14,$C$3:$CV$3,">="&DATE(2026,1,1),$C$3:$CV$3,"<="&DATE(2026,12,31),$C$2:$CV$2,">"&0)+$CW14 -> 0
B15: MERCEDES -BENZ AG | C15: 0 | D15: 0 | E15: 0 | F15: 0 | G15: 0 | H15: 0 | I15: 0 | J15: 0 | K15: 0 | L15: 0 | M15: 0 | N15: 0 | O15: 0 | P15: 0 | Q15: 0 | R15: 0 | S15: 0 | T15: 0 | U15: 0 | V15: 0 | W15: 0 | X15: 4 | Y15: 3 | Z15: 3 | AA15: 0 | AB15: 3 | AC15: 4 | AD15: 4 | AE15: 0 | AF15: 2 | AG15: 1 | AH15: 2 | AI15: 2 | AJ15: 4 | AK15: 3 | AL15: 1 | AM15: 3 | AN15: 4 | AO15: 6 | AP15: 11 | AQ15: 5 | AR15: 3 | AS15: 2 | AT15: 4 | AU15: 4 | AV15: 5 | AW15: 5 | AX15: 8 | AY15: 19 | AZ15: 17 | BA15: 14 | BB15: 10 | BC15: 12 | BD15: 18 | BE15: 30 | BF15: 10 | BG15: 54 | BH15: 24 | BI15: 46 | BJ15: 68 | BK15: 38 | BL15: 32 | BM15: 41 | BN15: 113 | BO15: 50 | BP15: 35 | BQ15: 21 | BR15: 44 | BS15: 76 | BT15: 92 | BU15: 74 | BV15: 66 | BW15: 75 | BX15: 57 | BY15: 87 | BZ15: 40 | CA15: 41 | CB15: 44 | CC15: 54 | CD15: 50 | CE15: 39 | CF15: 31 | CG15: 23 | CH15: 15 | CI15: 27 | CJ15: 17.652174 | CK15: 0 | CL15: 0 | CM15: 0 | CN15: 0 | CO15: 0 | CP15: 0 | CQ15: 0 | CR15: 0 | CS15: 0 | CT15: 0 | CW15: 14 | CY15: =SUMIFS($C15:$CV15,$C$3:$CV$3,">="&DATE(2026,1,1),$C$3:$CV$3,"<="&DATE(2026,12,31),$C$2:$CV$2,">"&0)+$CW15 -> 58.652174
B16: MERCEDES-BENZ INDIA Electric PVT LTD | C16: 0 | D16: 0 | E16: 0 | F16: 0 | G16: 0 | H16: 0 | I16: 0 | J16: 0 | K16: 0 | L16: 0 | M16: 0 | N16: 0 | O16: 0 | P16: 0 | Q16: 0 | R16: 0 | S16: 0 | T16: 0 | U16: 0 | V16: 0 | W16: 0 | X16: 0 | Y16: 0 | Z16: 0 | AA16: 0 | AB16: 0 | AC16: 0 | AD16: 0 | AE16: 0 | AF16: 0 | AG16: 0 | AH16: 0 | AI16: 0 | AJ16: 0 | AK16: 0 | AL16: 0 | AM16: 0 | AN16: 0 | AO16: 0 | AP16: 0 | AQ16: 0 | AR16: 0 | AS16: 0 | AT16: 0 | AU16: 0 | AV16: 0 | AW16: 0 | AX16: 0 | AY16: 0 | AZ16: 0 | BA16: 0 | BB16: 0 | BC16: 0 | BD16: 0 | BE16: 0 | BF16: 0 | BG16: 0 | BH16: 0 | BI16: 0 | BJ16: 0 | BK16: 0 | BL16: 0 | BM16: 0 | BN16: 0 | BO16: 0 | BP16: 0 | BQ16: 0 | BR16: 0 | BS16: 0 | BT16: 0 | BU16: 0 | BV16: 0 | BW16: 0 | BX16: 0 | BY16: 0 | BZ16: 0 | CA16: 0 | CB16: 0 | CC16: 0 | CD16: 0 | CE16: 0 | CF16: 0 | CG16: 0 | CH16: 0 | CI16: 0 | CJ16: 0 | CK16: 0 | CL16: 0 | CM16: 0 | CN16: 0 | CO16: 0 | CP16: 0 | CQ16: 0 | CR16: 0 | CS16: 0 | CT16: 0 | CW16: 0 | CY16: =SUMIFS($C16:$CV16,$C$3:$CV$3,">="&DATE(2026,1,1),$C$3:$CV$3,"<="&DATE(2026,12,31),$C$2:$CV$2,">"&0)+$CW16 -> 0
B17: JSW MG MOTOR INDIA PVT LTD | C17: 0 | D17: 0 | E17: 0 | F17: 0 | G17: 0 | H17: 0 | I17: 0 | J17: 0 | K17: 0 | L17: 0 | M17: 4 | N17: 3 | O17: 2 | P17: 54 | Q17: 90 | R17: 1 | S17: 12 | T17: 95 | U17: 78 | V17: 69 | W17: 57 | X17: 107 | Y17: 117 | Z17: 87 | AA17: 115 | AB17: 127 | AC17: 250 | AD17: 148 | AE17: 48 | AF17: 160 | AG17: 284 | AH17: 377 | AI17: 327 | AJ17: 242 | AK17: 148 | AL17: 124 | AM17: 59 | AN17: 38 | AO17: 95 | AP17: 245 | AQ17: 250 | AR17: 237 | AS17: 269 | AT17: 319 | AU17: 288 | AV17: 469 | AW17: 644 | AX17: 503 | AY17: 435 | AZ17: 361 | BA17: 516 | BB17: 350 | BC17: 464 | BD17: 1158 | BE17: 1237 | BF17: 1208 | BG17: 893 | BH17: 944 | BI17: 955 | BJ17: 996 | BK17: 1201 | BL17: 1096 | BM17: 1172 | BN17: 1267 | BO17: 1508 | BP17: 1476 | BQ17: 1613 | BR17: 1434 | BS17: 1013 | BT17: 2770 | BU17: 3293 | BV17: 3657 | BW17: 4525 | BX17: 3485 | BY17: 4182 | BZ17: 3765 | CA17: 4089 | CB17: 4299 | CC17: 5354 | CD17: 5141 | CE17: 4232 | CF17: 4833 | CG17: 3883 | CH17: 3734 | CI17: 4839 | CJ17: 3168.5652 | CK17: 0 | CL17: 0 | CM17: 0 | CN17: 0 | CO17: 0 | CP17: 0 | CQ17: 0 | CR17: 0 | CS17: 0 | CT17: 0 | CW17: 2513 | CY17: =SUMIFS($C17:$CV17,$C$3:$CV$3,">="&DATE(2026,1,1),$C$3:$CV$3,"<="&DATE(2026,12,31),$C$2:$CV$2,">"&0)+$CW17 -> 10520.565
B18: MG MOTOR INDIA Electric PVT LTD | C18: 0 | D18: 0 | E18: 0 | F18: 0 | G18: 0 | H18: 0 | I18: 0 | J18: 0 | K18: 0 | L18: 0 | M18: 0 | N18: 0 | O18: 0 | P18: 0 | Q18: 0 | R18: 0 | S18: 0 | T18: 0 | U18: 0 | V18: 0 | W18: 0 | X18: 0 | Y18: 0 | Z18: 0 | AA18: 0 | AB18: 0 | AC18: 0 | AD18: 0 | AE18: 0 | AF18: 0 | AG18: 0 | AH18: 0 | AI18: 0 | AJ18: 0 | AK18: 0 | AL18: 0 | AM18: 0 | AN18: 0 | AO18: 0 | AP18: 0 | AQ18: 0 | AR18: 0 | AS18: 0 | AT18: 0 | AU18: 0 | AV18: 0 | AW18: 0 | AX18: 0 | AY18: 0 | AZ18: 0 | BA18: 0 | BB18: 0 | BC18: 0 | BD18: 0 | BE18: 0 | BF18: 0 | BG18: 0 | BH18: 0 | BI18: 0 | BJ18: 0 | BK18: 0 | BL18: 0 | BM18: 0 | BN18: 0 | BO18: 0 | BP18: 0 | BQ18: 0 | BR18: 0 | BS18: 0 | BT18: 0 | BU18: 0 | BV18: 0 | BW18: 0 | BX18: 0 | BY18: 0 | BZ18: 0 | CA18: 0 | CB18: 0 | CC18: 0 | CD18: 0 | CE18: 0 | CF18: 0 | CG18: 0 | CH18: 0 | CI18: 0 | CJ18: 0 | CK18: 0 | CL18: 0 | CM18: 0 | CN18: 0 | CO18: 0 | CP18: 0 | CQ18: 0 | CR18: 0 | CS18: 0 | CT18: 0 | CW18: 0 | CY18: =SUMIFS($C18:$CV18,$C$3:$CV$3,">="&DATE(2026,1,1),$C$3:$CV$3,"<="&DATE(2026,12,31),$C$2:$CV$2,">"&0)+$CW18 -> 0
B19: NISSAN MOTOR INDIA Electric PVT LTD | C19: 0 | D19: 0 | E19: 0 | F19: 0 | G19: 0 | H19: 0 | I19: 0 | J19: 0 | K19: 0 | L19: 0 | M19: 0 | N19: 0 | O19: 0 | P19: 0 | Q19: 0 | R19: 0 | S19: 0 | T19: 0 | U19: 0 | V19: 0 | W19: 0 | X19: 0 | Y19: 0 | Z19: 0 | AA19: 0 | AB19: 0 | AC19: 0 | AD19: 0 | AE19: 0 | AF19: 0 | AG19: 0 | AH19: 0 | AI19: 0 | AJ19: 0 | AK19: 0 | AL19: 0 | AM19: 0 | AN19: 0 | AO19: 0 | AP19: 0 | AQ19: 0 | AR19: 0 | AS19: 0 | AT19: 0 | AU19: 0 | AV19: 0 | AW19: 0 | AX19: 0 | AY19: 0 | AZ19: 0 | BA19: 0 | BB19: 0 | BC19: 0 | BD19: 0 | BE19: 0 | BF19: 0 | BG19: 0 | BH19: 0 | BI19: 0 | BJ19: 0 | BK19: 0 | BL19: 0 | BM19: 0 | BN19: 0 | BO19: 0 | BP19: 0 | BQ19: 0 | BR19: 0 | BS19: 0 | BT19: 0 | BU19: 0 | BV19: 0 | BW19: 0 | BX19: 0 | BY19: 0 | BZ19: 0 | CA19: 0 | CB19: 0 | CC19: 0 | CD19: 0 | CE19: 0 | CF19: 0 | CG19: 0 | CH19: 0 | CI19: 0 | CJ19: 0 | CK19: 0 | CL19: 0 | CM19: 0 | CN19: 0 | CO19: 0 | CP19: 0 | CQ19: 0 | CR19: 0 | CS19: 0 | CT19: 0 | CW19: 0 | CY19: =SUMIFS($C19:$CV19,$C$3:$CV$3,">="&DATE(2026,1,1),$C$3:$CV$3,"<="&DATE(2026,12,31),$C$2:$CV$2,">"&0)+$CW19 -> 0
B20: PCA AUTOMOBILES INDIA PVT LTD | C20: 0 | D20: 0 | E20: 0 | F20: 0 | G20: 0 | H20: 0 | I20: 0 | J20: 0 | K20: 0 | L20: 0 | M20: 0 | N20: 0 | O20: 0 | P20: 0 | Q20: 0 | R20: 0 | S20: 0 | T20: 0 | U20: 0 | V20: 0 | W20: 0 | X20: 0 | Y20: 0 | Z20: 0 | AA20: 0 | AB20: 0 | AC20: 0 | AD20: 0 | AE20: 0 | AF20: 0 | AG20: 0 | AH20: 0 | AI20: 0 | AJ20: 0 | AK20: 0 | AL20: 0 | AM20: 0 | AN20: 0 | AO20: 0 | AP20: 0 | AQ20: 0 | AR20: 0 | AS20: 0 | AT20: 0 | AU20: 0 | AV20: 0 | AW20: 0 | AX20: 0 | AY20: 0 | AZ20: 0 | BA20: 209 | BB20: 240 | BC20: 315 | BD20: 311 | BE20: 223 | BF20: 116 | BG20: 142 | BH20: 173 | BI20: 128 | BJ20: 52 | BK20: 30 | BL20: 82 | BM20: 175 | BN20: 72 | BO20: 83 | BP20: 236 | BQ20: 151 | BR20: 158 | BS20: 387 | BT20: 254 | BU20: 82 | BV20: 78 | BW20: 274 | BX20: 60 | BY20: 47 | BZ20: 51 | CA20: 125 | CB20: 0 | CC20: 0 | CD20: 0 | CE20: 0 | CF20: 0 | CG20: 0 | CH20: 0 | CI20: 0 | CJ20: 0 | CK20: 0 | CL20: 0 | CM20: 0 | CN20: 0 | CO20: 0 | CP20: 0 | CQ20: 0 | CR20: 0 | CS20: 0 | CT20: 0 | CW20: 0 | CY20: =SUMIFS($C20:$CV20,$C$3:$CV$3,">="&DATE(2026,1,1),$C$3:$CV$3,"<="&DATE(2026,12,31),$C$2:$CV$2,">"&0)+$CW20 -> 0
